stageid,traversedpath,actualclosedate,actualvalue,actualvalue_base,budgetamount,budgetamount_base,budgetstatus,completeinternalreview,confirminterest,currentsituation,customerneed,customerpainpoints,pursuitdecision,decisionmaker,description,developproposal,emailaddress,estimatedclosedate,estimatedvalue,estimatedvalue_base,evaluatefit,exchangerate,resolvefeedback,filedebrief,finaldecisiondate,completefinalproposal,int_forecast,int_forecast_base,msdyn_forecastcategory,freightamount,freightamount_base,identifycompetitors,identifycustomercontacts,identifypursuitteam,importsequencenumber,initialcommunication,lastonholdtime,need,onholdtime,opportunityid,discountpercentage,discountamount,discountamount_base,msdyn_ordertype,participatesinworkflow,stepname,presentfinalproposal,presentproposal,pricingerrorcode,prioritycode,closeprobability,salesstagecode,processid,captureproposalfeedback,proposedsolution,purchaseprocess,purchasetimeframe,qualificationcomments,quotecomments,opportunityratingcode,isrevenuesystemcalculated,salesstage,scheduleproposalmeeting,schedulefollowup_prospect,schedulefollowup_qualify,sendthankyounote,skippricecalculation,statuscode,statecode,stepid,teamsfollowed,timespentbymeonemailandmeetings,timezoneruleversionnumber,timeline,name,totalamount,totalamount_base,totallineitemamount,totallineitemamount_base,totaldiscountamount,totaldiscountamount_base,totallineitemdiscountamount,totallineitemdiscountamount_base,totalamountlessfreight,totalamountlessfreight_base,totaltax,totaltax_base,utcconversiontimezonecode,versionnumber,msdyn_accountmanagerid,parentaccountid,parentcontactid,msdyn_contractorganizationalunitid,transactioncurrencyid,slainvokedid,originatingleadid,owningbusinessunit,pricelevelid,slaid,campaignid,msdyn_workordertype
,,12/2/2019 12:00:00 AM,0,0,,,,false,false,,,,false,false,,false,,11/11/2019 12:00:00 AM,750250,750250,false,1,false,false,,false,,,Pipeline (low confidence),,,false,false,false,,,,,,8b2ea168-ff1d-ea11-a811-000d3a3380b8,,,,Item based,false,1-Qualify,false,false,None,Default Value,,Default Value,3e8ebee6-a2bc-4451-9c5f-b146b085413a,false,,,Immediate,,,Warm,false,,,,,false,DoPriceCalcAlways,,,,,,0,,Video Equipment,0,0,0,0,0,0,0,0,0,0,0,0,,7768914,,cca19cdd-88df-e311-b8e5-6c3be5a8b200,,,480e992f-ff73-e911-a9ba-000d3a33bcb9,,,def60b71-ee73-e911-a9ba-000d3a33bcb9,,,,
,,12/11/2019 12:00:00 AM,0,0,,,,false,false,,,,false,false,,false,,12/27/2019 12:00:00 AM,50000,50000,false,1,false,false,,false,,,Pipeline (low confidence),,,false,false,false,,,,,,945df22f-f81d-ea11-a811-000d3a3380b8,,,,Item based,false,1-Qualify,false,false,None,Default Value,,Default Value,3e8ebee6-a2bc-4451-9c5f-b146b085413a,false,,,This Quarter,,,Warm,false,,,,,false,DoPriceCalcAlways,,,,,,0,,Mobile Networking Components,0,0,0,0,0,0,0,0,0,0,0,0,,7768877,,c8a19cdd-88df-e311-b8e5-6c3be5a8b200,,,480e992f-ff73-e911-a9ba-000d3a33bcb9,,,def60b71-ee73-e911-a9ba-000d3a33bcb9,,,,
,,12/13/2019 12:00:00 AM,0,0,35000,35000,,false,false,,,,false,false,,false,,12/16/2019 12:00:00 AM,24000,24000,false,1,false,false,,false,,,Pipeline (low confidence),,,false,true,false,,,,,,ede9f176-f71d-ea11-a811-000d3a3380b8,,,,Item based,false,1-Qualify,false,false,None,Default Value,,Default Value,3e8ebee6-a2bc-4451-9c5f-b146b085413a,false,,,This Quarter,,,Warm,false,,,,,false,DoPriceCalcAlways,,,,,,0,,Kitchen Appliances,0,0,0,0,0,0,0,0,0,0,0,0,,7768791,,475b158c-541c-e511-80d3-3863bb347ba8,,,480e992f-ff73-e911-a9ba-000d3a33bcb9,,,def60b71-ee73-e911-a9ba-000d3a33bcb9,,,,
,,,,,20000000,20000000,,false,false,,,,false,false,,false,,11/14/2019 12:00:00 AM,13000020,13000020,false,1,false,false,,false,,,Pipeline (low confidence),,,false,false,false,,,,,,6b2c9cca-2092-e911-a962-000d3a37fb59,,,,Item based,false,1-Qualify,false,false,None,Default Value,,Default Value,3e8ebee6-a2bc-4451-9c5f-b146b085413a,false,,Committee,This Year,,,Warm,false,,,,,false,DoPriceCalcAlways,Active,Active,,,,0,,GE Healthcare,0,0,0,0,0,0,0,0,0,0,0,0,,7154596,,caaba0f1-4991-e911-a961-000d3a37fb59,,,480e992f-ff73-e911-a9ba-000d3a33bcb9,,,def60b71-ee73-e911-a9ba-000d3a33bcb9,,,,
6b9ce798-221a-4260-90b2-2a95ed51a5bc,,,,,1000000,1000000,,false,false,,,,false,false,Expressed Interest Previously in our Products,false,,10/30/2019 12:00:00 AM,800000,800000,false,1,false,false,,false,,,Pipeline (low confidence),,,false,false,false,,,,,,f9306281-541c-e511-80d3-3863bb347ba8,,,,Item based,false,1-Qualify,false,false,None,Default Value,50,Default Value,3e8ebee6-a2bc-4451-9c5f-b146b085413a,false,,,Next Quarter,,,Cold,false,Qualify,,,,false,,Active,Active,,,,0,,Some interest in our products,0,0,0,0,0,0,0,0,0,0,0,0,,7154501,,cea19cdd-88df-e311-b8e5-6c3be5a8b200,73a0e5b9-88df-e311-b8e5-6c3be5a8b200,,480e992f-ff73-e911-a9ba-000d3a33bcb9,,82e6c6de-1bff-e411-80d4-c4346bac4730,def60b71-ee73-e911-a9ba-000d3a33bcb9,,,d68571f5-88df-e311-b8e5-6c3be5a8b200,
,,,,,8000000,8000000,,false,false,,,,false,false,Expressed Interest Previously in our Products,false,,11/2/2019 12:00:00 AM,1200000,1200000,false,1,false,false,,false,,,Pipeline (low confidence),,,false,false,false,,,,,,07e194a0-6ec0-e911-a96b-000d3a37fb59,,,,Item based,false,2-Develop,false,false,None,Default Value,,Default Value,00000000-0000-0000-0000-000000000000,false,,Committee,Next Quarter,,,Cold,false,,,,,false,,Active,Active,,,,0,,Renewal and upgrade of server system,0,0,0,0,0,0,0,0,0,0,0,0,,7154500,,cea19cdd-88df-e311-b8e5-6c3be5a8b200,73a0e5b9-88df-e311-b8e5-6c3be5a8b200,,480e992f-ff73-e911-a9ba-000d3a33bcb9,,82e6c6de-1bff-e411-80d4-c4346bac4730,def60b71-ee73-e911-a9ba-000d3a33bcb9,,,d68571f5-88df-e311-b8e5-6c3be5a8b200,
,,,,,8000000,8000000,,false,false,,,,false,false,Expressed Interest Previously in our Products,false,,9/19/2019 12:00:00 AM,3000000,3000000,false,1,false,false,,false,,,Pipeline (low confidence),,,false,false,false,,,,,,eaf91722-2499-e911-a964-000d3a37fb59,,,,Item based,false,2-Develop,false,false,None,Default Value,,Default Value,00000000-0000-0000-0000-000000000000,false,,Committee,Next Quarter,,,Cold,false,,,,,false,,Active,Active,,,,0,,Some interest in our products,0,0,0,0,0,0,0,0,0,0,0,0,,7154499,,cea19cdd-88df-e311-b8e5-6c3be5a8b200,73a0e5b9-88df-e311-b8e5-6c3be5a8b200,,480e992f-ff73-e911-a9ba-000d3a33bcb9,,82e6c6de-1bff-e411-80d4-c4346bac4730,def60b71-ee73-e911-a9ba-000d3a33bcb9,,,d68571f5-88df-e311-b8e5-6c3be5a8b200,
6b9ce798-221a-4260-90b2-2a95ed51a5bc,,,,,2216000,2216000,,false,false,,,,false,false,,false,,8/31/2019 12:00:00 AM,2470860,2470860,false,1,false,false,,false,,,Pipeline (low confidence),,,false,false,false,11,,,,,c60e0283-5bf2-e311-945f-6c3be5a8dd64,20,,,Item based,false,1-Qualify,false,false,None,Default Value,20,Default Value,3e8ebee6-a2bc-4451-9c5f-b146b085413a,false,,Individual,This Quarter,,,Warm,true,Qualify,,,,false,,Active,Active,,,,0,,Home PC,2470860,2470860,3088575,3088575,617715,617715,0,0,2470860,2470860,0,0,,7154443,,a8a19cdd-88df-e311-b8e5-6c3be5a8b200,49a0e5b9-88df-e311-b8e5-6c3be5a8b200,,480e992f-ff73-e911-a9ba-000d3a33bcb9,,,def60b71-ee73-e911-a9ba-000d3a33bcb9,d437e569-e7c2-e411-80df-fc15b42886e8,,e68571f5-88df-e311-b8e5-6c3be5a8b200,
6b9ce798-221a-4260-90b2-2a95ed51a5bc,,6/18/2019 12:00:00 AM,4345000,4345000,4345000,4345000,,false,false,,,,false,false,,false,,6/24/2019 12:00:00 AM,4345000,4345000,false,1,false,false,,false,,,Pipeline (low confidence),,,false,false,false,11,,,,,c40e0283-5bf2-e311-945f-6c3be5a8dd64,,,,Item based,false,4-Close,false,false,None,Default Value,60,Default Value,3e8ebee6-a2bc-4451-9c5f-b146b085413a,false,,Unknown,Immediate,,,Warm,false,,,,,false,,,Inactive,,,,0,,Reinforcement of Equipment,0,0,0,0,0,0,0,0,0,0,0,0,,7154442,,a8a19cdd-88df-e311-b8e5-6c3be5a8b200,49a0e5b9-88df-e311-b8e5-6c3be5a8b200,,480e992f-ff73-e911-a9ba-000d3a33bcb9,,,def60b71-ee73-e911-a9ba-000d3a33bcb9,,,f48571f5-88df-e311-b8e5-6c3be5a8b200,
d3ca8878-8d7b-47b9-852d-fcd838790cfd,,,,,5136000,5136000,,false,false,Large employer nearby offering free product as a benefit.,"Middle of the line, economical products.",,false,true,,true,,8/8/2019 12:00:00 AM,4931300,4931300,false,1,false,false,,true,,,Pipeline (low confidence),,,true,true,true,11,,,,,b40e0283-5bf2-e311-945f-6c3be5a8dd64,,,,Item based,false,3-Propose,false,false,None,Default Value,80,Default Value,3e8ebee6-a2bc-4451-9c5f-b146b085413a,false,,Committee,Next Quarter,,,Hot,true,,,,,true,,Active,Active,,,,0,,Printers,4931300,4931300,4931300,4931300,0,0,0,0,4931300,4931300,0,0,,7154441,,a8a19cdd-88df-e311-b8e5-6c3be5a8b200,49a0e5b9-88df-e311-b8e5-6c3be5a8b200,,480e992f-ff73-e911-a9ba-000d3a33bcb9,,,def60b71-ee73-e911-a9ba-000d3a33bcb9,d437e569-e7c2-e411-80df-fc15b42886e8,,f48571f5-88df-e311-b8e5-6c3be5a8b200,
6b9ce798-221a-4260-90b2-2a95ed51a5bc,,8/19/2018 12:00:00 AM,0,0,3910000,3910000,,false,false,,,,false,true,,false,,7/31/2018 12:00:00 AM,3910000,3910000,false,1,false,true,,true,,,Pipeline (low confidence),,,false,false,false,11,,,,,860e0283-5bf2-e311-945f-6c3be5a8dd64,,,,Item based,false,1-Qualify,true,true,None,Default Value,80,Default Value,3e8ebee6-a2bc-4451-9c5f-b146b085413a,false,,,This Year,,,Hot,false,,,,,true,,,,,,,0,,Generic Equipment,0,0,0,0,0,0,0,0,0,0,0,0,,7154440,,a8a19cdd-88df-e311-b8e5-6c3be5a8b200,49a0e5b9-88df-e311-b8e5-6c3be5a8b200,,480e992f-ff73-e911-a9ba-000d3a33bcb9,,,def60b71-ee73-e911-a9ba-000d3a33bcb9,,,f48571f5-88df-e311-b8e5-6c3be5a8b200,
bb7e830a-61bd-441b-b1fd-6bb104ffa027,,,,,2230000,2230000,,false,false,,Full Equipment Setup,,false,false,Requires a full setup of AV equipment,false,,11/14/2019 12:00:00 AM,0,0,false,1,false,false,,false,,,Pipeline (low confidence),,,false,false,false,11,,,,,780e0283-5bf2-e311-945f-6c3be5a8dd64,,,,Item based,false,4-Close,false,false,Detail Error,Default Value,80,Default Value,3e8ebee6-a2bc-4451-9c5f-b146b085413a,false,Gather Requirements based off Room,Committee,Next Quarter,,,Hot,true,,,,,false,,Active,Active,,,,0,,Audio Visual,0,0,0,0,0,0,0,0,0,0,0,0,,7154439,,a8a19cdd-88df-e311-b8e5-6c3be5a8b200,,,480e992f-ff73-e911-a9ba-000d3a33bcb9,,,def60b71-ee73-e911-a9ba-000d3a33bcb9,d437e569-e7c2-e411-80df-fc15b42886e8,,,
6b9ce798-221a-4260-90b2-2a95ed51a5bc,,,,,2134000,2134000,,false,false,,,,false,false,,false,,12/9/2019 12:00:00 AM,2134000,2134000,false,1,false,false,,false,,,Pipeline (low confidence),,,false,false,false,11,,,,,6c0e0283-5bf2-e311-945f-6c3be5a8dd64,,,,Item based,false,1-Qualify,false,false,None,Default Value,80,Default Value,3e8ebee6-a2bc-4451-9c5f-b146b085413a,false,,Unknown,Immediate,,,Hot,false,Qualify,,,,false,,Active,Active,,,,0,,Product SKU JJ202,0,0,0,0,0,0,0,0,0,0,0,0,,7154438,,a8a19cdd-88df-e311-b8e5-6c3be5a8b200,49a0e5b9-88df-e311-b8e5-6c3be5a8b200,,480e992f-ff73-e911-a9ba-000d3a33bcb9,,,def60b71-ee73-e911-a9ba-000d3a33bcb9,,,,
6b9ce798-221a-4260-90b2-2a95ed51a5bc,,5/18/2018 12:00:00 AM,391885,391885,116000,116000,,false,false,Share prices dropping,Diversify into selling related products.,,false,true,,false,,3/18/2018 12:00:00 AM,391885,391885,false,1,false,true,,true,,,Pipeline (low confidence),,,false,false,false,11,,,,,680e0283-5bf2-e311-945f-6c3be5a8dd64,,,,Item based,false,4-Close,false,false,None,Default Value,60,Default Value,3e8ebee6-a2bc-4451-9c5f-b146b085413a,false,,Unknown,This Quarter,,,Cold,true,,,,,true,,,Inactive,,,,0,,Very interested in our products - need to follow up,391885,391885,391885,391885,0,0,0,0,391885,391885,0,0,,7154437,,a8a19cdd-88df-e311-b8e5-6c3be5a8b200,49a0e5b9-88df-e311-b8e5-6c3be5a8b200,,480e992f-ff73-e911-a9ba-000d3a33bcb9,,,def60b71-ee73-e911-a9ba-000d3a33bcb9,d437e569-e7c2-e411-80df-fc15b42886e8,,,
bb7e830a-61bd-441b-b1fd-6bb104ffa027,,2/18/2019 12:00:00 AM,1750000,1750000,2226000,2226000,,false,false,,,,true,false,,false,,2/24/2019 12:00:00 AM,1750000,1750000,false,1,false,false,,false,,,Pipeline (low confidence),,,false,false,false,11,,,,,ec0d0283-5bf2-e311-945f-6c3be5a8dd64,,,,Item based,false,4-Close,false,false,None,Default Value,20,Default Value,3e8ebee6-a2bc-4451-9c5f-b146b085413a,false,,Individual,Next Quarter,,,Warm,false,,,,,false,,,Inactive,,,,0,,Home Electronics Enquiry,0,0,0,0,0,0,0,0,0,0,0,0,,7154436,,a8a19cdd-88df-e311-b8e5-6c3be5a8b200,49a0e5b9-88df-e311-b8e5-6c3be5a8b200,,480e992f-ff73-e911-a9ba-000d3a33bcb9,,,def60b71-ee73-e911-a9ba-000d3a33bcb9,,,e68571f5-88df-e311-b8e5-6c3be5a8b200,
d3ca8878-8d7b-47b9-852d-fcd838790cfd,,,,,3795000,3795000,,false,false,Customer needs Microphones and Monitors. Considering A. Datum X-Line,Adventure Works needs about 500 AV Microphones and Monitors.,,false,false,,false,,10/10/2019 12:00:00 AM,1607000,1607000,false,1,false,false,,false,,,Pipeline (low confidence),,,false,false,true,11,,,,,e60d0283-5bf2-e311-945f-6c3be5a8dd64,,,,Item based,false,3-Propose,false,false,None,Default Value,60,Default Value,3e8ebee6-a2bc-4451-9c5f-b146b085413a,false,,,Next Quarter,,,Cold,false,Qualify,,,,false,,Active,Active,,,,0,,Video Recording Equipment,0,0,0,0,0,0,0,0,0,0,0,0,,7154435,,a8a19cdd-88df-e311-b8e5-6c3be5a8b200,49a0e5b9-88df-e311-b8e5-6c3be5a8b200,,480e992f-ff73-e911-a9ba-000d3a33bcb9,,,def60b71-ee73-e911-a9ba-000d3a33bcb9,d437e569-e7c2-e411-80df-fc15b42886e8,,e28571f5-88df-e311-b8e5-6c3be5a8b200,
d3ca8878-8d7b-47b9-852d-fcd838790cfd,,6/18/2019 12:00:00 AM,0,0,1340000,1340000,,false,false,,,,true,false,,false,,5/5/2019 12:00:00 AM,2792325,2792325,false,1,false,false,,false,,,Pipeline (low confidence),,,false,false,false,11,,,,,9e0d0283-5bf2-e311-945f-6c3be5a8dd64,,,,Item based,false,3-Propose,false,false,None,Default Value,60,Default Value,3e8ebee6-a2bc-4451-9c5f-b146b085413a,false,,Unknown,Immediate,,,Warm,true,,,,,false,,,,,,,0,,3D Printers,2792325,2792325,2792325,2792325,0,0,0,0,2792325,2792325,0,0,,7154434,,a8a19cdd-88df-e311-b8e5-6c3be5a8b200,49a0e5b9-88df-e311-b8e5-6c3be5a8b200,,480e992f-ff73-e911-a9ba-000d3a33bcb9,,,def60b71-ee73-e911-a9ba-000d3a33bcb9,56bf6346-91df-e311-9565-a45d36fc5fe8,,f48571f5-88df-e311-b8e5-6c3be5a8b200,
6b9ce798-221a-4260-90b2-2a95ed51a5bc,,,,,9116000,9116000,,false,false,,,,false,true,,false,,1/30/2020 12:00:00 AM,7750000,7750000,false,1,false,false,,false,,,Pipeline (low confidence),,,true,true,false,,,,,,2b685c81-4f1c-e511-80d3-3863bb347ba8,,,,Item based,false,2-Develop,false,false,None,Default Value,60,Default Value,3e8ebee6-a2bc-4451-9c5f-b146b085413a,false,done,Committee,This Year,,,Warm,false,,,,,false,,Active,Active,,,,0,,Video Hardware Upgrade,0,0,0,0,0,0,0,0,0,0,0,0,,7154433,,a8a19cdd-88df-e311-b8e5-6c3be5a8b200,49a0e5b9-88df-e311-b8e5-6c3be5a8b200,,480e992f-ff73-e911-a9ba-000d3a33bcb9,,6329dbd0-4e1c-e511-80d3-3863bb347ba8,def60b71-ee73-e911-a9ba-000d3a33bcb9,,,,
,,,,,5116000,5116000,,true,false,,,,false,true,,true,,11/6/2019 12:00:00 AM,2000000,2000000,false,1,false,false,,true,,,Pipeline (low confidence),,,true,true,true,,,,,,7c17e3bf-2399-e911-a964-000d3a37fb59,,,,Item based,false,2-Develop,true,true,None,Default Value,,Default Value,00000000-0000-0000-0000-000000000000,false,,Committee,This Year,,,Warm,false,,,,,true,,Active,Active,,,,0,,Video Hardware Upgrade,0,0,0,0,0,0,0,0,0,0,0,0,,7154431,,a8a19cdd-88df-e311-b8e5-6c3be5a8b200,49a0e5b9-88df-e311-b8e5-6c3be5a8b200,,480e992f-ff73-e911-a9ba-000d3a33bcb9,,6329dbd0-4e1c-e511-80d3-3863bb347ba8,def60b71-ee73-e911-a9ba-000d3a33bcb9,,,d08571f5-88df-e311-b8e5-6c3be5a8b200,
6b9ce798-221a-4260-90b2-2a95ed51a5bc,,,,,3140000,3140000,,false,false,,,,false,false,,true,,11/6/2019 12:00:00 AM,93375,93375,false,1,false,false,,true,,,Pipeline (low confidence),,,false,false,false,11,,,,,f00d0283-5bf2-e311-945f-6c3be5a8dd64,,,,Item based,false,4-Close,false,false,None,Default Value,60,Default Value,3e8ebee6-a2bc-4451-9c5f-b146b085413a,false,,Individual,This Year,,,Warm,true,Qualify,,,,false,,Active,Active,,,,0,,System Upgrade (AEP Partnership),93375,93375,93375,93375,0,0,0,0,93375,93375,0,0,,6812576,,016c3f4b-1be7-e611-8101-e0071b6af231,4ba0e5b9-88df-e311-b8e5-6c3be5a8b200,,480e992f-ff73-e911-a9ba-000d3a33bcb9,,,def60b71-ee73-e911-a9ba-000d3a33bcb9,d437e569-e7c2-e411-80df-fc15b42886e8,,f48571f5-88df-e311-b8e5-6c3be5a8b200,
6b9ce798-221a-4260-90b2-2a95ed51a5bc,,10/31/2019 12:00:00 AM,2136000,2136000,2136000,2136000,,false,false,,,,false,false,,false,,4/18/2019 12:00:00 AM,2136000,2136000,false,1,false,false,,false,,,Pipeline (low confidence),,,false,false,false,11,,,,,b00e0283-5bf2-e311-945f-6c3be5a8dd64,,,,Item based,false,4-Close,false,false,None,Default Value,80,Default Value,3e8ebee6-a2bc-4451-9c5f-b146b085413a,false,,Committee,Unknown,,,Hot,false,,,,,false,,,Inactive,,,,0,,Orders or Product SKU AX305 this summer,0,0,0,0,0,0,0,0,0,0,0,0,,6812516,,bca19cdd-88df-e311-b8e5-6c3be5a8b200,5da0e5b9-88df-e311-b8e5-6c3be5a8b200,,480e992f-ff73-e911-a9ba-000d3a33bcb9,,,def60b71-ee73-e911-a9ba-000d3a33bcb9,,,ca8571f5-88df-e311-b8e5-6c3be5a8b200,
6b9ce798-221a-4260-90b2-2a95ed51a5bc,,10/31/2019 12:00:00 AM,3550000,3550000,3136000,3136000,,false,false,,,,false,false,,false,,8/21/2019 12:00:00 AM,3550000,3550000,false,1,false,true,,false,,,Pipeline (low confidence),,,false,false,false,11,,,,,aa0e0283-5bf2-e311-945f-6c3be5a8dd64,,,,Item based,false,4-Close,false,false,None,Default Value,40,Default Value,3e8ebee6-a2bc-4451-9c5f-b146b085413a,false,,Committee,This Year,,,Hot,false,,,,,true,,,Inactive,,,,0,,Refrigeration Smart Sensors,0,0,0,0,0,0,0,0,0,0,0,0,,6812474,,056c3f4b-1be7-e611-8101-e0071b6af231,de704d6c-d7be-e911-a96b-000d3a37fb59,,480e992f-ff73-e911-a9ba-000d3a33bcb9,,,def60b71-ee73-e911-a9ba-000d3a33bcb9,,,,
6b9ce798-221a-4260-90b2-2a95ed51a5bc,,,,,3470000,3470000,,false,false,,,,false,false,,true,,11/6/2019 12:00:00 AM,3470000,3470000,false,1,false,false,,false,,,Pipeline (low confidence),,,false,false,false,11,,,,,b60e0283-5bf2-e311-945f-6c3be5a8dd64,,,,Item based,false,1-Qualify,false,true,None,Default Value,40,Default Value,3e8ebee6-a2bc-4451-9c5f-b146b085413a,false,,Individual,This Quarter,,,Warm,false,Qualify,,,,false,,Active,Active,,,,0,,Personal Electronics Consolidation,0,0,0,0,0,0,0,0,0,0,0,0,,6811003,,f96b3f4b-1be7-e611-8101-e0071b6af231,afa07064-1ae7-e611-80f4-e0071b661f01,,480e992f-ff73-e911-a9ba-000d3a33bcb9,,,def60b71-ee73-e911-a9ba-000d3a33bcb9,56bf6346-91df-e311-9565-a45d36fc5fe8,,d28571f5-88df-e311-b8e5-6c3be5a8b200,
,,,,,1000000,1000000,,true,false,,,,false,false,,true,,11/8/2019 12:00:00 AM,1000000,1000000,false,1,false,false,,false,,,Pipeline (low confidence),,,true,true,true,,,,,,c63f1c35-7ffa-e911-a812-000d3a3380b8,,,,Item based,false,3-Propose,false,true,None,Default Value,,Default Value,,false,,,,,,Warm,false,,,,,false,DoPriceCalcAlways,Active,Active,,,,0,,Energy Management Solution,0,0,0,0,0,0,0,0,0,0,0,0,,6810938,,739ae75f-b4b4-e911-a96a-000d3a37fb59,e906e3a5-5598-e911-a964-000d3a37fb59,,480e992f-ff73-e911-a9ba-000d3a33bcb9,,,def60b71-ee73-e911-a9ba-000d3a33bcb9,,,,
,,,,,3000000,3000000,,false,false,,,,false,true,,false,,12/29/2019 12:00:00 AM,2500000,2500000,false,1,false,false,,false,,,Pipeline (low confidence),,,true,true,false,,,,,,c7cf2ff1-55ec-e911-a812-000d3a3380b8,,,,Item based,false,2-Develop,false,false,None,Default Value,,Default Value,,false,,Committee,This Year,,,Warm,false,Qualify,,,,false,DoPriceCalcAlways,Active,Active,,,,0,,Surface Purchase,0,0,0,0,0,0,0,0,0,0,0,0,,6429250,,977877a7-54ec-e911-a812-000d3a3380b8,1dfbd99e-54ec-e911-a812-000d3a3380b8,5060b62d-0c74-e911-a9b7-000d3a33afd1,480e992f-ff73-e911-a9ba-000d3a33bcb9,,,def60b71-ee73-e911-a9ba-000d3a33bcb9,,,,
,,,,,40000000,40000000,,false,false,,,,false,true,,false,,12/27/2019 12:00:00 AM,40000000,40000000,false,1,false,false,,false,,,Pipeline (low confidence),,,false,false,false,,,,,,9ecc8f61-55ec-e911-a812-000d3a3380b8,,,,Item based,false,2-Develop,false,false,None,Default Value,,Default Value,00000000-0000-0000-0000-000000000000,false,,Committee,This Year,,,Warm,false,Qualify,,,,false,DoPriceCalcAlways,Active,Active,,,,0,,Azure Cloud Service,0,0,0,0,0,0,0,0,0,0,0,0,,6429194,,977877a7-54ec-e911-a812-000d3a3380b8,1dfbd99e-54ec-e911-a812-000d3a3380b8,,480e992f-ff73-e911-a9ba-000d3a33bcb9,,99a6742a-55ec-e911-a812-000d3a3380b8,def60b71-ee73-e911-a9ba-000d3a33bcb9,,,,
bb7e830a-61bd-441b-b1fd-6bb104ffa027,,,,,2922000,2922000,,true,false,,Electronic Equipment for Home Appliances,,false,true,,true,,2/15/2020 12:00:00 AM,0,0,false,1,false,true,,true,,,Pipeline (low confidence),,,true,true,true,11,,,,,8d0d0283-5bf2-e311-945f-6c3be5a8dd64,0,,,Item based,false,4-Close,false,true,None,Default Value,80,Default Value,3e8ebee6-a2bc-4451-9c5f-b146b085413a,false,Develop a solution with relevant electronic equipment,Individual,Next Quarter,,,Cold,true,Qualify,,,,true,,Active,Active,,,,0,,Home Appliances,0,0,0,0,0,0,0,0,0,0,0,0,,6256391,,475b158c-541c-e511-80d3-3863bb347ba8,465b158c-541c-e511-80d3-3863bb347ba8,,480e992f-ff73-e911-a9ba-000d3a33bcb9,,,def60b71-ee73-e911-a9ba-000d3a33bcb9,d437e569-e7c2-e411-80df-fc15b42886e8,,e68571f5-88df-e311-b8e5-6c3be5a8b200,
650e06b4-789b-46c1-822b-0da76bedb1ed,,10/9/2019 12:00:00 AM,409700,409700,15136000,15136000,,false,false,Notebooks are 4 years old for a large portion of their company. They're looking to purchase several in the near future if the time is right. ,,,false,true,,false,,4/29/2019 12:00:00 AM,409700,409700,false,1,false,false,,false,,,Pipeline (low confidence),,,false,false,false,11,,,,,9e0e0283-5bf2-e311-945f-6c3be5a8dd64,,,,Item based,false,2-Develop,false,false,None,Default Value,50,Default Value,3e8ebee6-a2bc-4451-9c5f-b146b085413a,false,,Committee,This Year,,,Hot,true,,,,,false,,,Inactive,,,,0,,Notebook Upgrade,409700,409700,409700,409700,0,0,0,0,409700,409700,0,0,,6256387,,cca19cdd-88df-e311-b8e5-6c3be5a8b200,49a0e5b9-88df-e311-b8e5-6c3be5a8b200,,480e992f-ff73-e911-a9ba-000d3a33bcb9,,,def60b71-ee73-e911-a9ba-000d3a33bcb9,d437e569-e7c2-e411-80df-fc15b42886e8,,ec8571f5-88df-e311-b8e5-6c3be5a8b200,
bb7e830a-61bd-441b-b1fd-6bb104ffa027,,,,,4137000,4137000,,false,false,,Needs a provider to help install the systems.  We have offered to assist them with the installation for a fee.,,true,false,Installing E1000,false,,10/10/2019 12:00:00 AM,1275000,1275000,false,1,false,false,,false,,,Pipeline (low confidence),,,false,false,false,11,,,,,6d0d0283-5bf2-e311-945f-6c3be5a8dd64,,,,Item based,false,4-Close,false,false,None,Default Value,80,Default Value,3e8ebee6-a2bc-4451-9c5f-b146b085413a,false,,Committee,This Quarter,,,Hot,false,,,,,false,,Active,Active,,,,0,,Installing E1000 System in Coffeehouses,0,0,0,0,0,0,0,0,0,0,0,0,,6256373,,b6a19cdd-88df-e311-b8e5-6c3be5a8b200,57a0e5b9-88df-e311-b8e5-6c3be5a8b200,,480e992f-ff73-e911-a9ba-000d3a33bcb9,,,def60b71-ee73-e911-a9ba-000d3a33bcb9,d437e569-e7c2-e411-80df-fc15b42886e8,,,
d3ca8878-8d7b-47b9-852d-fcd838790cfd,,,,,6922000,6922000,,false,false,,,,false,false,,false,,11/6/2019 12:00:00 AM,3257500,3257500,false,1,false,false,,false,,,Pipeline (low confidence),,,false,false,false,11,,,,,be0e0283-5bf2-e311-945f-6c3be5a8dd64,,,,Item based,false,3-Propose,false,true,None,Default Value,60,Default Value,3e8ebee6-a2bc-4451-9c5f-b146b085413a,false,,Individual,This Quarter,,,Warm,true,Qualify,,,,false,,Active,Active,,,,0,,4G Enabled Tablets,3257500,3257500,3257500,3257500,0,0,0,0,3257500,3257500,0,0,,6256369,,c8a19cdd-88df-e311-b8e5-6c3be5a8b200,465b158c-541c-e511-80d3-3863bb347ba8,,480e992f-ff73-e911-a9ba-000d3a33bcb9,,,def60b71-ee73-e911-a9ba-000d3a33bcb9,d437e569-e7c2-e411-80df-fc15b42886e8,,f48571f5-88df-e311-b8e5-6c3be5a8b200,
6b9ce798-221a-4260-90b2-2a95ed51a5bc,,,,,2226000,2226000,,false,false,,,,false,false,,false,,11/2/2019 12:00:00 AM,2226000,2226000,false,1,false,false,,false,,,Pipeline (low confidence),,,false,false,false,11,,,,,c80d0283-5bf2-e311-945f-6c3be5a8dd64,,,,Item based,false,1-Qualify,false,false,None,Default Value,40,Default Value,3e8ebee6-a2bc-4451-9c5f-b146b085413a,false,,Committee,Next Quarter,,,Warm,false,Qualify,,,,false,,Active,Active,,,,0,,Mobile Computing,0,0,0,0,0,0,0,0,0,0,0,0,,6256365,,caa19cdd-88df-e311-b8e5-6c3be5a8b200,02fa7133-4fc8-e411-80ee-c4346bac7be8,,480e992f-ff73-e911-a9ba-000d3a33bcb9,,,def60b71-ee73-e911-a9ba-000d3a33bcb9,,,,
6b9ce798-221a-4260-90b2-2a95ed51a5bc,,,,,8922000,8922000,,false,false,Southridge Video's Sales Team is looking to purchase the new Lumia series mobile devices to replace their current phones. They are currently using old Lumia devices and would like to see the new features and pricing options.,,,true,false,,false,,12/23/2019 12:00:00 AM,1200000,1200000,false,1,false,false,,false,,,Pipeline (low confidence),,,true,true,false,11,,,,,fa0d0283-5bf2-e311-945f-6c3be5a8dd64,,,,Item based,false,2-Develop,false,false,Detail Error,Default Value,60,Default Value,3e8ebee6-a2bc-4451-9c5f-b146b085413a,false,,Individual,This Year,,,Warm,false,Qualify,,,,false,,Active,Active,,,,0,,Mobile Device,0,0,0,0,0,0,0,0,0,0,0,0,,6256348,,c8a19cdd-88df-e311-b8e5-6c3be5a8b200,465b158c-541c-e511-80d3-3863bb347ba8,,480e992f-ff73-e911-a9ba-000d3a33bcb9,,,def60b71-ee73-e911-a9ba-000d3a33bcb9,d437e569-e7c2-e411-80df-fc15b42886e8,,f48571f5-88df-e311-b8e5-6c3be5a8b200,
6b9ce798-221a-4260-90b2-2a95ed51a5bc,,,,,3170000,3170000,,true,false,Looking to purchase phones for their mobile workforce.,Phones for 15+ employees.,,false,true,,false,,10/10/2019 12:00:00 AM,0,0,false,1,false,false,,false,,,Pipeline (low confidence),,,true,true,true,11,,,,,970d0283-5bf2-e311-945f-6c3be5a8dd64,,,,Item based,false,2-Develop,false,false,Detail Error,Default Value,20,Default Value,3e8ebee6-a2bc-4451-9c5f-b146b085413a,false,Small order of 20 phones of 2 different models.  Promotional discount to be applied.,Committee,This Year,,,Warm,true,Qualify,,,,false,,Active,Active,,,,0,,Cellphones,0,0,0,0,0,0,0,0,0,0,0,0,,6256343,,aea19cdd-88df-e311-b8e5-6c3be5a8b200,4fa0e5b9-88df-e311-b8e5-6c3be5a8b200,,480e992f-ff73-e911-a9ba-000d3a33bcb9,,,def60b71-ee73-e911-a9ba-000d3a33bcb9,d437e569-e7c2-e411-80df-fc15b42886e8,,,
bfc9108c-8389-406b-9166-2c3298a2e41f,,,,,1542800,1542800,,false,false,Interested in what's new and cool. They're considering a large purchase to stock the U.S. based stores and get customers in. ,New and Cool devices,,false,true,Testing,false,,12/8/2019 12:00:00 AM,7500000,7500000,false,1,false,false,,false,,,Pipeline (low confidence),,,true,true,false,,,,,,7d64e1a2-541c-e511-80d3-3863bb347ba8,,,,Item based,false,2-Develop,false,false,None,Default Value,60,Default Value,919e14d1-6489-4852-abd0-a63a6ecaac5d,false,,Individual,This Quarter,,,Warm,true,,,,,false,,Active,Active,,,,0,,Interested in our newer offerings,7500000,7500000,7500000,7500000,0,0,0,0,7500000,7500000,0,0,,6256332,,475b158c-541c-e511-80d3-3863bb347ba8,61a0e5b9-88df-e311-b8e5-6c3be5a8b200,,480e992f-ff73-e911-a9ba-000d3a33bcb9,,ef975ea3-531c-e511-80d8-3863bb3ce2c8,def60b71-ee73-e911-a9ba-000d3a33bcb9,d437e569-e7c2-e411-80df-fc15b42886e8,,,
650e06b4-789b-46c1-822b-0da76bedb1ed,,,,,4137000,4137000,,false,false,,,,true,false,,false,,11/16/2019 12:00:00 AM,1130000,1130000,false,1,false,false,,false,,,Pipeline (low confidence),,,false,false,false,11,,,,,ce0d0283-5bf2-e311-945f-6c3be5a8dd64,,,,Item based,false,2-Develop,false,false,Detail Error,Default Value,40,Default Value,3e8ebee6-a2bc-4451-9c5f-b146b085413a,false,,Unknown,Immediate,,,Hot,false,,,,,false,,Active,Active,,,,0,,Mobile Phones,0,0,0,0,0,0,0,0,0,0,0,0,,6256330,,c8a19cdd-88df-e311-b8e5-6c3be5a8b200,,,480e992f-ff73-e911-a9ba-000d3a33bcb9,,,def60b71-ee73-e911-a9ba-000d3a33bcb9,d437e569-e7c2-e411-80df-fc15b42886e8,,,
,,,,,38000000,38000000,,false,false,,,,false,true,qualified,false,,10/30/2019 12:00:00 AM,36000000,36000000,false,1,false,false,,false,,,Pipeline (low confidence),,,true,true,false,,,,,,bc5e810a-5398-e911-a964-000d3a37fb59,,,,Item based,false,2-Develop,false,false,None,Default Value,,Default Value,3e8ebee6-a2bc-4451-9c5f-b146b085413a,false,,Committee,This Year,,,Warm,false,,,,,false,,Active,Active,,,,0,,3D Printer - IUPUI,0,0,0,0,0,0,0,0,0,0,0,0,,6256324,,a4f92a51-5198-e911-a964-000d3a37fb59,b8f2366a-5298-e911-a964-000d3a37fb59,4e60b62d-0c74-e911-a9b7-000d3a33afd1,480e992f-ff73-e911-a9ba-000d3a33bcb9,,,def60b71-ee73-e911-a9ba-000d3a33bcb9,d437e569-e7c2-e411-80df-fc15b42886e8,,,
,,,,,1000000,1000000,,false,false,,,,false,false,,false,,10/4/2019 12:00:00 AM,1256400,1256400,false,1,false,false,,false,,,Pipeline (low confidence),,,false,false,false,,,,,,63acf361-79ce-e911-a96d-000d3a37fb59,,,,Item based,false,1-Qualify,false,false,None,Default Value,,Default Value,3e8ebee6-a2bc-4451-9c5f-b146b085413a,false,,Committee,This Year,,,Warm,false,,,,,false,,Active,Active,,,,0,,Desktop upgrade,0,0,0,0,0,0,0,0,0,0,0,0,,5761651,,e535bcf3-78ce-e911-a96d-000d3a37fb59,73655dbd-78ce-e911-a96d-000d3a37fb59,,480e992f-ff73-e911-a9ba-000d3a33bcb9,,,def60b71-ee73-e911-a9ba-000d3a33bcb9,,,,
6b9ce798-221a-4260-90b2-2a95ed51a5bc,,,,,3230000,3230000,,false,false,,,,false,true,,false,,9/18/2019 12:00:00 AM,323000,323000,false,1,false,true,,true,,,Pipeline (low confidence),,,false,false,false,11,,,,,800e0283-5bf2-e311-945f-6c3be5a8dd64,,,,Item based,false,4-Close,true,true,None,Default Value,80,Default Value,3e8ebee6-a2bc-4451-9c5f-b146b085413a,false,,Unknown,Immediate,,,Hot,false,Qualify,,,,true,,Active,Active,,,,0,,Personal Audio,0,0,0,0,0,0,0,0,0,0,0,0,,5761376,,b6a19cdd-88df-e311-b8e5-6c3be5a8b200,5da2e5b9-88df-e311-b8e5-6c3be5a8b200,,480e992f-ff73-e911-a9ba-000d3a33bcb9,,,def60b71-ee73-e911-a9ba-000d3a33bcb9,,,,
bb7e830a-61bd-441b-b1fd-6bb104ffa027,,,,,6126000,6126000,,false,false,,,,false,false,,false,,11/18/2019 12:00:00 AM,6126000,6126000,false,1,false,false,,false,,,Pipeline (low confidence),,,false,false,false,11,,,,,d00e0283-5bf2-e311-945f-6c3be5a8dd64,,,,Item based,false,4-Close,false,false,None,Default Value,60,Default Value,3e8ebee6-a2bc-4451-9c5f-b146b085413a,false,,Individual,This Quarter,,,Warm,false,Qualify,,,,false,,Active,Active,,,,0,,Portable Audio,0,0,0,0,0,0,0,0,0,0,0,0,,5761041,,bca19cdd-88df-e311-b8e5-6c3be5a8b200,5da0e5b9-88df-e311-b8e5-6c3be5a8b200,,480e992f-ff73-e911-a9ba-000d3a33bcb9,,,def60b71-ee73-e911-a9ba-000d3a33bcb9,56bf6346-91df-e311-9565-a45d36fc5fe8,,e68571f5-88df-e311-b8e5-6c3be5a8b200,
,,,,,1200000,1200000,,false,false,,,,false,true,interested into purchasing phone devices with services for 5 years,false,,,,,false,1,false,false,,false,,,Pipeline (low confidence),,,false,false,false,,,,,,08b1d317-ddc5-e911-a96d-000d3a37fb59,,,,Item based,false,2-Develop,false,false,None,Default Value,,Default Value,00000000-0000-0000-0000-000000000000,false,,Individual,This Year,,,Warm,false,,,,,false,,Active,Active,,,,,,Interested in phone devices,0,0,0,0,0,0,0,0,0,0,0,0,,5760858,,07b1d317-ddc5-e911-a96d-000d3a37fb59,06b1d317-ddc5-e911-a96d-000d3a37fb59,,480e992f-ff73-e911-a9ba-000d3a33bcb9,,ecb19631-dcc5-e911-a96d-000d3a37fb59,def60b71-ee73-e911-a9ba-000d3a33bcb9,,,,
,,,,,23000000,23000000,,false,false,,,,false,false,,false,,1/3/2020 12:00:00 AM,13000000,13000000,false,1,false,false,,false,,,Pipeline (low confidence),,,false,false,false,,,,,,05c5f36d-7ace-e911-a96d-000d3a37fb59,,,,Item based,false,1-Qualify,false,false,None,Default Value,,Default Value,3e8ebee6-a2bc-4451-9c5f-b146b085413a,false,,Committee,This Year,,,Warm,false,,,,,false,,Active,Active,,,,0,,wisc system upgrade,0,0,0,0,0,0,0,0,0,0,0,0,,5750399,,7ea974e3-79ce-e911-a96d-000d3a37fb59,ee5a1f10-7ace-e911-a96d-000d3a37fb59,,480e992f-ff73-e911-a9ba-000d3a33bcb9,,,def60b71-ee73-e911-a9ba-000d3a33bcb9,,,,
,,,,,30000000,30000000,,false,false,,,,false,false,,false,,9/25/2019 12:00:00 AM,30000000,30000000,false,1,false,false,,false,,,Pipeline (low confidence),,,false,true,false,,,,,,458cc7cc-5298-e911-a964-000d3a37fb59,,,,Item based,false,1-Qualify,false,false,None,Default Value,,Default Value,3e8ebee6-a2bc-4451-9c5f-b146b085413a,false,,Committee,Unknown,,,Warm,false,,,,,false,,Active,Active,,,,0,,Universal Hard Drive - IUPUI,0,0,0,0,0,0,0,0,0,0,0,0,,5541651,,a4f92a51-5198-e911-a964-000d3a37fb59,b8f2366a-5298-e911-a964-000d3a37fb59,,480e992f-ff73-e911-a9ba-000d3a33bcb9,,,def60b71-ee73-e911-a9ba-000d3a33bcb9,d437e569-e7c2-e411-80df-fc15b42886e8,,,
6b9ce798-221a-4260-90b2-2a95ed51a5bc,,10/19/2018 12:00:00 AM,0,0,4910000,4910000,,true,false,,,,false,true,,true,,12/17/2018 12:00:00 AM,4910000,4910000,false,1,false,true,,true,,,Pipeline (low confidence),,,true,true,true,11,,,,,8e0e0283-5bf2-e311-945f-6c3be5a8dd64,,,,Item based,false,1-Qualify,true,true,None,Default Value,80,Default Value,3e8ebee6-a2bc-4451-9c5f-b146b085413a,false,,Committee,Unknown,,,Hot,false,,,,,true,,,,,,,0,,Desktops,0,0,0,0,0,0,0,0,0,0,0,0,,5239028,,bca19cdd-88df-e311-b8e5-6c3be5a8b200,5da0e5b9-88df-e311-b8e5-6c3be5a8b200,,480e992f-ff73-e911-a9ba-000d3a33bcb9,,,def60b71-ee73-e911-a9ba-000d3a33bcb9,,,ec8571f5-88df-e311-b8e5-6c3be5a8b200,
,,,,,4500000,4500000,,false,false,,,,false,false,"Interested in Cellphone Release
",false,,8/30/2019 12:00:00 AM,1200000,1200000,false,1,false,false,,false,,,Pipeline (low confidence),,,false,false,false,,,,,,4b0f9ff5-74c0-e911-a96b-000d3a37fb59,,,,Item based,false,2-Develop,false,false,None,Default Value,,Default Value,00000000-0000-0000-0000-000000000000,false,,,This Year,,,Warm,false,,,,,false,,Active,Active,,,,0,,Interested in new cell phone release,0,0,0,0,0,0,0,0,0,0,0,0,,5227049,,c6a19cdd-88df-e311-b8e5-6c3be5a8b200,39a4e5b9-88df-e311-b8e5-6c3be5a8b200,,480e992f-ff73-e911-a9ba-000d3a33bcb9,,4b4fa496-3ff2-e311-9864-a45d36fc5f1c,def60b71-ee73-e911-a9ba-000d3a33bcb9,,,f48571f5-88df-e311-b8e5-6c3be5a8b200,
,,,,,4644800,4644800,,false,false,,,,false,true,"Expansion of Inventory
",false,,11/15/2019 12:00:00 AM,2000000,2000000,false,1,false,false,,false,,,Pipeline (low confidence),,,true,true,false,,,,,,549a41db-6ec0-e911-a96b-000d3a37fb59,,,,Item based,false,3-Propose,false,false,None,Default Value,,Default Value,00000000-0000-0000-0000-000000000000,false,,Committee,Next Quarter,,,Warm,false,,,,,false,,Active,Active,,,,0,,New store opened this year - follow up,0,0,0,0,0,0,0,0,0,0,0,0,,5226994,,475b158c-541c-e511-80d3-3863bb347ba8,465b158c-541c-e511-80d3-3863bb347ba8,,480e992f-ff73-e911-a9ba-000d3a33bcb9,,8f4fa496-3ff2-e311-9864-a45d36fc5f1c,def60b71-ee73-e911-a9ba-000d3a33bcb9,,,f48571f5-88df-e311-b8e5-6c3be5a8b200,
,,,,,7347900,7347900,,false,false,,,,false,true,Expansion of Inventory,false,,8/29/2019 12:00:00 AM,1200000,1200000,false,1,false,false,,false,,,Pipeline (low confidence),,,false,false,false,,,,,,7f4331cd-6dc0-e911-a96b-000d3a37fb59,,,,Item based,false,2-Develop,false,false,None,Default Value,,Default Value,00000000-0000-0000-0000-000000000000,false,,Committee,Unknown,,,Warm,false,,,,,false,,Active,Active,,,,0,,Video Hardware Upgrade,0,0,0,0,0,0,0,0,0,0,0,0,,5226877,,baa19cdd-88df-e311-b8e5-6c3be5a8b200,59a0e5b9-88df-e311-b8e5-6c3be5a8b200,,480e992f-ff73-e911-a9ba-000d3a33bcb9,,b56264dc-7332-e611-80e5-5065f38b31c1,def60b71-ee73-e911-a9ba-000d3a33bcb9,,,e28571f5-88df-e311-b8e5-6c3be5a8b200,
,,,,,7347900,7347900,,true,false,,,,false,true,Expansion of Inventory,false,,9/28/2019 12:00:00 AM,23000400,23000400,false,1,false,false,,false,,,Pipeline (low confidence),,,true,true,true,,,,,,d4bb669e-abb7-e911-a96a-000d3a37fb59,,,,Item based,false,3-Propose,false,false,None,Default Value,,Default Value,00000000-0000-0000-0000-000000000000,false,,Committee,This Year,,,Warm,false,,,,,false,,Active,Active,,,,0,,Video Hardware Upgrade,0,0,0,0,0,0,0,0,0,0,0,0,,5226846,,b8a19cdd-88df-e311-b8e5-6c3be5a8b200,59a0e5b9-88df-e311-b8e5-6c3be5a8b200,,480e992f-ff73-e911-a9ba-000d3a33bcb9,,b56264dc-7332-e611-80e5-5065f38b31c1,def60b71-ee73-e911-a9ba-000d3a33bcb9,,,e28571f5-88df-e311-b8e5-6c3be5a8b200,815de4e2-4af8-e611-8104-e0071b6a1051
650e06b4-789b-46c1-822b-0da76bedb1ed,,,,,4155000,4155000,,false,false,,,,false,false,,false,,9/20/2019 12:00:00 AM,2187500,2187500,false,1,false,false,,false,,,Pipeline (low confidence),,,false,false,false,11,,,,,fc0d0283-5bf2-e311-945f-6c3be5a8dd64,,,,Item based,false,2-Develop,false,false,None,Default Value,40,Default Value,3e8ebee6-a2bc-4451-9c5f-b146b085413a,false,,Unknown,This Year,,,Warm,true,Qualify,,,,false,,Active,Active,,,,0,,Mobile Computing Purchase,2187500,2187500,2187500,2187500,0,0,0,0,2187500,2187500,0,0,,5220962,,aca19cdd-88df-e311-b8e5-6c3be5a8b200,4da0e5b9-88df-e311-b8e5-6c3be5a8b200,,480e992f-ff73-e911-a9ba-000d3a33bcb9,,,def60b71-ee73-e911-a9ba-000d3a33bcb9,d437e569-e7c2-e411-80df-fc15b42886e8,,e88571f5-88df-e311-b8e5-6c3be5a8b200,
650e06b4-789b-46c1-822b-0da76bedb1ed,,,,,3150000,3150000,,false,false,,,,false,false,,false,,8/31/2019 12:00:00 AM,2441475,2441475,false,1,false,false,,false,,,Pipeline (low confidence),,,false,false,false,11,,,,,e40d0283-5bf2-e311-945f-6c3be5a8dd64,,,,Item based,false,2-Develop,false,false,None,Default Value,60,Default Value,3e8ebee6-a2bc-4451-9c5f-b146b085413a,false,,Individual,This Year,,,Warm,true,,,,,false,,Active,Active,,,,0,,Notebooks,2441475,2441475,2441475,2441475,0,0,0,0,2441475,2441475,0,0,,5220952,,aea19cdd-88df-e311-b8e5-6c3be5a8b200,4fa0e5b9-88df-e311-b8e5-6c3be5a8b200,,480e992f-ff73-e911-a9ba-000d3a33bcb9,,,def60b71-ee73-e911-a9ba-000d3a33bcb9,d437e569-e7c2-e411-80df-fc15b42886e8,,,
6b9ce798-221a-4260-90b2-2a95ed51a5bc,,,,,6175000,6175000,,false,false,,,,false,false,,false,,7/28/2019 12:00:00 AM,1361200,1361200,false,1,false,false,,false,,,Pipeline (low confidence),,,false,false,false,11,,,,,e00d0283-5bf2-e311-945f-6c3be5a8dd64,,,,Item based,false,1-Qualify,false,false,None,Default Value,40,Default Value,3e8ebee6-a2bc-4451-9c5f-b146b085413a,false,,Committee,This Year,,,Warm,false,,,,,false,,Active,Active,,,,0,,Laptops,0,0,0,0,0,0,0,0,0,0,0,0,,5220942,,c4a19cdd-88df-e311-b8e5-6c3be5a8b200,65a0e5b9-88df-e311-b8e5-6c3be5a8b200,,480e992f-ff73-e911-a9ba-000d3a33bcb9,,,def60b71-ee73-e911-a9ba-000d3a33bcb9,d437e569-e7c2-e411-80df-fc15b42886e8,,,
6b9ce798-221a-4260-90b2-2a95ed51a5bc,,6/14/2019 12:00:00 AM,3250000,3250000,4137000,4137000,,true,false,,,,false,false,,true,,7/4/2017 12:00:00 AM,3250000,3250000,false,1,false,true,,true,,,Pipeline (low confidence),,,true,true,true,11,,,,,ce0e0283-5bf2-e311-945f-6c3be5a8dd64,,,,Item based,false,4-Close,true,true,None,Default Value,80,Default Value,3e8ebee6-a2bc-4451-9c5f-b146b085413a,false,,Unknown,Immediate,,,Hot,false,,,,,true,,,Inactive,,,,0,,CDMA Phones,0,0,0,0,0,0,0,0,0,0,0,0,,5220921,,c8a19cdd-88df-e311-b8e5-6c3be5a8b200,,,480e992f-ff73-e911-a9ba-000d3a33bcb9,,,def60b71-ee73-e911-a9ba-000d3a33bcb9,d437e569-e7c2-e411-80df-fc15b42886e8,,f48571f5-88df-e311-b8e5-6c3be5a8b200,
bb7e830a-61bd-441b-b1fd-6bb104ffa027,,8/14/2019 12:00:00 AM,3873600,3873600,3230000,3230000,,true,false,,3D Printers required for estate modeling.,,false,false,3D Printer Purchase,true,,8/7/2019 12:00:00 AM,3873600,3873600,false,1,false,true,,true,,,Pipeline (low confidence),,,true,true,true,,,,,,6634f32e-4be5-e511-80fe-00155d09ab01,0,,,Item based,false,4-Close,true,true,None,Default Value,80,Default Value,3e8ebee6-a2bc-4451-9c5f-b146b085413a,false,Distribute Catalogue,Committee,This Year,,,Hot,true,,,,,true,,,Inactive,,,,0,,3D Printer Purchase,3873600,3873600,3873600,3873600,0,0,0,0,3873600,3873600,0,0,,5220840,,c0a19cdd-88df-e311-b8e5-6c3be5a8b200,49a0e5b9-88df-e311-b8e5-6c3be5a8b200,,480e992f-ff73-e911-a9ba-000d3a33bcb9,,,def60b71-ee73-e911-a9ba-000d3a33bcb9,d437e569-e7c2-e411-80df-fc15b42886e8,,d28571f5-88df-e311-b8e5-6c3be5a8b200,
6b9ce798-221a-4260-90b2-2a95ed51a5bc,,12/14/2018 12:00:00 AM,2367000,2367000,2367000,2367000,,false,false,,,,false,false,,false,,9/2/2018 12:00:00 AM,2367000,2367000,false,1,false,false,,false,,,Pipeline (low confidence),,,false,false,false,11,,,,,d60e0283-5bf2-e311-945f-6c3be5a8dd64,,,,Item based,false,1-Qualify,false,false,None,Default Value,40,Default Value,3e8ebee6-a2bc-4451-9c5f-b146b085413a,false,,Individual,This Quarter,,,Warm,false,,,,,false,,,Inactive,,,,0,,Ultra Portable Devices,0,0,0,0,0,0,0,0,0,0,0,0,,5220747,,c4a19cdd-88df-e311-b8e5-6c3be5a8b200,65a0e5b9-88df-e311-b8e5-6c3be5a8b200,,480e992f-ff73-e911-a9ba-000d3a33bcb9,,,def60b71-ee73-e911-a9ba-000d3a33bcb9,,,ce8571f5-88df-e311-b8e5-6c3be5a8b200,
d3ca8878-8d7b-47b9-852d-fcd838790cfd,,11/14/2018 12:00:00 AM,8100000,8100000,2136000,2136000,,false,false,,Automation of Video Capturing Device,,false,true,,false,,6/11/2018 12:00:00 AM,8100000,8100000,false,1,false,false,,false,,,Pipeline (low confidence),,,true,true,false,11,,,,,740e0283-5bf2-e311-945f-6c3be5a8dd64,,,,Item based,false,3-Propose,false,false,None,Default Value,80,Default Value,3e8ebee6-a2bc-4451-9c5f-b146b085413a,false,Remote Timers,Committee,This Quarter,,,Hot,false,,,,,false,,,Inactive,,,,0,,Video Capturing Device,0,0,0,0,0,0,0,0,0,0,0,0,,5220725,,aca19cdd-88df-e311-b8e5-6c3be5a8b200,4da0e5b9-88df-e311-b8e5-6c3be5a8b200,,480e992f-ff73-e911-a9ba-000d3a33bcb9,,,def60b71-ee73-e911-a9ba-000d3a33bcb9,d437e569-e7c2-e411-80df-fc15b42886e8,,ec8571f5-88df-e311-b8e5-6c3be5a8b200,
6b9ce798-221a-4260-90b2-2a95ed51a5bc,,8/24/2018 12:00:00 AM,14230000,14230000,14230000,14230000,,false,false,,,,false,false,,false,,2/17/2018 12:00:00 AM,14230000,14230000,false,1,false,false,,false,,,Pipeline (low confidence),,,false,false,false,11,,,,,9c0e0283-5bf2-e311-945f-6c3be5a8dd64,,,,Item based,false,4-Close,false,false,None,Default Value,80,Default Value,3e8ebee6-a2bc-4451-9c5f-b146b085413a,false,,,This Year,,,Hot,false,,,,,false,,,Inactive,,,,0,,Home Appliances Quotation,0,0,0,0,0,0,0,0,0,0,0,0,,5220705,,c4a19cdd-88df-e311-b8e5-6c3be5a8b200,,,480e992f-ff73-e911-a9ba-000d3a33bcb9,,,def60b71-ee73-e911-a9ba-000d3a33bcb9,,,d28571f5-88df-e311-b8e5-6c3be5a8b200,
6b9ce798-221a-4260-90b2-2a95ed51a5bc,,8/14/2018 12:00:00 AM,4910000,4910000,4910000,4910000,,true,false,Large employer nearby offering free product as a benefit.,"Middle of the line, economical products.",,false,true,,true,,3/17/2018 12:00:00 AM,4910000,4910000,false,1,false,true,,true,,,Pipeline (low confidence),,,true,true,true,11,,,,,400e0283-5bf2-e311-945f-6c3be5a8dd64,,,,Item based,false,4-Close,false,true,None,Default Value,80,Default Value,3e8ebee6-a2bc-4451-9c5f-b146b085413a,false,,Committee,Unknown,,,Hot,false,,,,,true,,,Inactive,,,,0,,Very likely will order Product SKU JJ105 this year,0,0,0,0,0,0,0,0,0,0,0,0,,5220692,,bca19cdd-88df-e311-b8e5-6c3be5a8b200,5da0e5b9-88df-e311-b8e5-6c3be5a8b200,,480e992f-ff73-e911-a9ba-000d3a33bcb9,,,def60b71-ee73-e911-a9ba-000d3a33bcb9,,,f48571f5-88df-e311-b8e5-6c3be5a8b200,
bb7e830a-61bd-441b-b1fd-6bb104ffa027,,11/14/2018 12:00:00 AM,4150000,4150000,4230000,4230000,,false,false,Sales dropping among younger customers.,Needs rare offering at an affordable price.,,false,false,,false,,11/4/2018 12:00:00 AM,4150000,4150000,false,1,false,false,,false,,,Pipeline (low confidence),,,false,false,false,11,,,,,580e0283-5bf2-e311-945f-6c3be5a8dd64,,,,Item based,false,4-Close,false,false,None,Default Value,80,Default Value,3e8ebee6-a2bc-4451-9c5f-b146b085413a,false,,Individual,Next Quarter,,,Hot,false,,,,,false,,,Inactive,,,,0,,Coffee Equipment,0,0,0,0,0,0,0,0,0,0,0,0,,5220669,,b6a19cdd-88df-e311-b8e5-6c3be5a8b200,57a0e5b9-88df-e311-b8e5-6c3be5a8b200,,480e992f-ff73-e911-a9ba-000d3a33bcb9,,,def60b71-ee73-e911-a9ba-000d3a33bcb9,,,d28571f5-88df-e311-b8e5-6c3be5a8b200,
6b9ce798-221a-4260-90b2-2a95ed51a5bc,,10/14/2018 12:00:00 AM,4910000,4910000,4910000,4910000,,true,false,,,,false,true,,true,,8/5/2018 12:00:00 AM,4910000,4910000,false,1,false,true,,true,,,Pipeline (low confidence),,,true,true,true,11,,,,,8c0e0283-5bf2-e311-945f-6c3be5a8dd64,,,,Item based,false,4-Close,true,true,None,Default Value,80,Default Value,3e8ebee6-a2bc-4451-9c5f-b146b085413a,false,,Committee,Unknown,,,Hot,false,,,,,true,,,Inactive,,,,0,,Computer System Upgrade,0,0,0,0,0,0,0,0,0,0,0,0,,5220655,,caa19cdd-88df-e311-b8e5-6c3be5a8b200,,,480e992f-ff73-e911-a9ba-000d3a33bcb9,,,def60b71-ee73-e911-a9ba-000d3a33bcb9,,,e68571f5-88df-e311-b8e5-6c3be5a8b200,
bb7e830a-61bd-441b-b1fd-6bb104ffa027,,8/14/2018 12:00:00 AM,5136000,5136000,5136000,5136000,,true,false,,,,false,false,,true,,4/18/2018 12:00:00 AM,5136000,5136000,false,1,false,true,,true,,,Pipeline (low confidence),,,true,true,true,11,,,,,940e0283-5bf2-e311-945f-6c3be5a8dd64,,,,Item based,false,4-Close,true,true,None,Default Value,80,Default Value,3e8ebee6-a2bc-4451-9c5f-b146b085413a,false,,Committee,This Year,,,Hot,false,,,,,true,,,Inactive,,,,0,,IOT Laundry Machine Sensors,0,0,0,0,0,0,0,0,0,0,0,0,,5220606,,caa19cdd-88df-e311-b8e5-6c3be5a8b200,8da6e5b9-88df-e311-b8e5-6c3be5a8b200,,480e992f-ff73-e911-a9ba-000d3a33bcb9,,,def60b71-ee73-e911-a9ba-000d3a33bcb9,,,e68571f5-88df-e311-b8e5-6c3be5a8b200,
6b9ce798-221a-4260-90b2-2a95ed51a5bc,,10/14/2018 12:00:00 AM,2160000,2160000,2160000,2160000,,false,false,,,,false,false,,false,,3/17/2018 12:00:00 AM,2160000,2160000,false,1,false,false,,false,,,Pipeline (low confidence),,,false,false,false,11,,,,,ca0e0283-5bf2-e311-945f-6c3be5a8dd64,,,,Item based,false,4-Close,false,false,None,Default Value,40,Default Value,3e8ebee6-a2bc-4451-9c5f-b146b085413a,false,,,This Quarter,,,Warm,false,,,,,false,,,Inactive,,,,0,,Mobile Computing Expansion,0,0,0,0,0,0,0,0,0,0,0,0,,5220592,,c2a19cdd-88df-e311-b8e5-6c3be5a8b200,63a0e5b9-88df-e311-b8e5-6c3be5a8b200,,480e992f-ff73-e911-a9ba-000d3a33bcb9,,,def60b71-ee73-e911-a9ba-000d3a33bcb9,d437e569-e7c2-e411-80df-fc15b42886e8,,ee8571f5-88df-e311-b8e5-6c3be5a8b200,
650e06b4-789b-46c1-822b-0da76bedb1ed,,8/14/2018 12:00:00 AM,3102500,3102500,7950000,7950000,,false,false,Large employer nearby offering free product as a benefit.,"Middle of the line, economical products.",,false,false,,false,,7/5/2018 12:00:00 AM,3102500,3102500,false,1,false,false,,false,,,Pipeline (low confidence),,,false,false,false,11,,,,,600e0283-5bf2-e311-945f-6c3be5a8dd64,,,,Item based,false,2-Develop,false,false,None,Default Value,60,Default Value,3e8ebee6-a2bc-4451-9c5f-b146b085413a,false,,,Next Quarter,,,Warm,false,,,,,false,,,Inactive,,,,0,,Kitchen Appliances,0,0,0,0,0,0,0,0,0,0,0,0,,5220579,,cca19cdd-88df-e311-b8e5-6c3be5a8b200,,,480e992f-ff73-e911-a9ba-000d3a33bcb9,,,def60b71-ee73-e911-a9ba-000d3a33bcb9,,,ec8571f5-88df-e311-b8e5-6c3be5a8b200,
,,,,,40000000,40000000,,false,false,,,,false,false,,false,,10/18/2019 12:00:00 AM,40000000,40000000,false,1,false,false,,false,,,Pipeline (low confidence),,,true,true,false,,,,,,b5240c47-5398-e911-a964-000d3a37fb59,,,,Item based,false,2-Develop,false,false,None,Default Value,,Default Value,3e8ebee6-a2bc-4451-9c5f-b146b085413a,false,,Committee,Next Quarter,,,Warm,false,,,,,false,,Active,Active,,,,0,,WWI Laptop19W X0196 - IUPUI,0,0,0,0,0,0,0,0,0,0,0,0,,5220547,,a4f92a51-5198-e911-a964-000d3a37fb59,b8f2366a-5298-e911-a964-000d3a37fb59,5060b62d-0c74-e911-a9b7-000d3a33afd1,480e992f-ff73-e911-a9ba-000d3a33bcb9,,,def60b71-ee73-e911-a9ba-000d3a33bcb9,d437e569-e7c2-e411-80df-fc15b42886e8,,,
,,,,,5483100,5483100,,false,false,,,,false,false,Product Info Request,false,,9/19/2019 12:00:00 AM,2249000,2249000,false,1,false,false,,false,,,Pipeline (low confidence),,,false,false,false,,,,,,52f8dcc1-d4be-e911-a96b-000d3a37fb59,,,,Item based,false,2-Develop,false,false,None,Default Value,,Default Value,00000000-0000-0000-0000-000000000000,false,,Committee,This Year,,,Warm,false,,,,,false,,Active,Active,,,,0,,Wants some product information,0,0,0,0,0,0,0,0,0,0,0,0,,5220542,,d2a19cdd-88df-e311-b8e5-6c3be5a8b200,5ba6e5b9-88df-e311-b8e5-6c3be5a8b200,,480e992f-ff73-e911-a9ba-000d3a33bcb9,,88e6c6de-1bff-e411-80d4-c4346bac4730,def60b71-ee73-e911-a9ba-000d3a33bcb9,,,d68571f5-88df-e311-b8e5-6c3be5a8b200,
d3ca8878-8d7b-47b9-852d-fcd838790cfd,,,,,2150000,2150000,,false,false,,,,false,false,,false,,7/2/2019 12:00:00 AM,1250000,1250000,false,1,false,false,,false,,,Pipeline (low confidence),,,false,false,false,11,,,,,b40d0283-5bf2-e311-945f-6c3be5a8dd64,,,,Item based,false,3-Propose,false,false,None,Default Value,80,Default Value,3e8ebee6-a2bc-4451-9c5f-b146b085413a,false,,Committee,Next Quarter,,,Warm,false,,,,,false,,Active,Active,,,,0,,Video Streaming Equipment,0,0,0,0,0,0,0,0,0,0,0,0,,5220537,,cca19cdd-88df-e311-b8e5-6c3be5a8b200,49a0e5b9-88df-e311-b8e5-6c3be5a8b200,,480e992f-ff73-e911-a9ba-000d3a33bcb9,,,def60b71-ee73-e911-a9ba-000d3a33bcb9,d437e569-e7c2-e411-80df-fc15b42886e8,,,
6b9ce798-221a-4260-90b2-2a95ed51a5bc,,,,,3795000,3795000,,false,false,Southride Video is going through an equipment upgrade and wants to discuss our options for upgrading the pcs and laptops that will run this equipment.,PCs and Laptops with high-power processing for video editing and broadcasting.,,false,false,,false,,10/29/2019 12:00:00 AM,174820,174820,false,1,false,false,,false,,,Pipeline (low confidence),,,false,false,false,11,,,,,ba0d0283-5bf2-e311-945f-6c3be5a8dd64,,,,Item based,false,1-Qualify,false,false,None,Default Value,40,Default Value,3e8ebee6-a2bc-4451-9c5f-b146b085413a,false,,Committee,This Year,,,Warm,false,Qualify,,,,false,,Active,Active,,,,0,,Video Broadcasting Equipment Upgrade,74820,74820,74820,74820,0,0,0,0,74820,74820,0,0,,5220498,,c8a19cdd-88df-e311-b8e5-6c3be5a8b200,465b158c-541c-e511-80d3-3863bb347ba8,,480e992f-ff73-e911-a9ba-000d3a33bcb9,,,def60b71-ee73-e911-a9ba-000d3a33bcb9,d437e569-e7c2-e411-80df-fc15b42886e8,,,
650e06b4-789b-46c1-822b-0da76bedb1ed,,,,,230000,230000,,false,false,Share prices dropping,Diversify into selling related products.,,false,true,Ordering of M1600,false,,10/23/2019 12:00:00 AM,187500,187500,false,1,false,false,,false,,,Pipeline (low confidence),,,false,false,false,11,,,,,670d0283-5bf2-e311-945f-6c3be5a8dd64,,,,Item based,false,2-Develop,false,false,None,Default Value,60,Default Value,3e8ebee6-a2bc-4451-9c5f-b146b085413a,false,,Committee,This Quarter,,,Hot,true,,,,,false,,Active,Active,,,,0,,Very likely will order Product SKU M1600 and M1650 this year,187500,187500,187500,187500,0,0,0,0,187500,187500,0,0,,5220488,,aaa19cdd-88df-e311-b8e5-6c3be5a8b200,4ba0e5b9-88df-e311-b8e5-6c3be5a8b200,,480e992f-ff73-e911-a9ba-000d3a33bcb9,,,def60b71-ee73-e911-a9ba-000d3a33bcb9,d437e569-e7c2-e411-80df-fc15b42886e8,,f48571f5-88df-e311-b8e5-6c3be5a8b200,
,,,,,50000000,50000000,,false,false,,,,false,false,,false,,9/25/2019 12:00:00 AM,20000000,20000000,false,1,false,false,,false,,,Pipeline (low confidence),,,false,false,false,,,,,,1195a26f-5398-e911-a964-000d3a37fb59,,,,Item based,false,1-Qualify,false,false,None,Default Value,,Default Value,3e8ebee6-a2bc-4451-9c5f-b146b085413a,false,,Committee,Unknown,,,Warm,false,,,,,false,,Active,Active,,,,0,,Southridge Desktop PC3.60 E - IUPUI,0,0,0,0,0,0,0,0,0,0,0,0,,5220450,,a4f92a51-5198-e911-a964-000d3a37fb59,b8f2366a-5298-e911-a964-000d3a37fb59,4e60b62d-0c74-e911-a9b7-000d3a33afd1,480e992f-ff73-e911-a9ba-000d3a33bcb9,,,def60b71-ee73-e911-a9ba-000d3a33bcb9,d437e569-e7c2-e411-80df-fc15b42886e8,,,
d3ca8878-8d7b-47b9-852d-fcd838790cfd,,,,,6116000,6116000,,false,false,,,,true,false,,false,,11/12/2019 12:00:00 AM,2000000,2000000,false,1,false,false,,false,,,Pipeline (low confidence),,,false,false,false,11,,,,,de0d0283-5bf2-e311-945f-6c3be5a8dd64,,,,Item based,false,3-Propose,false,false,Detail Error,Default Value,60,Default Value,3e8ebee6-a2bc-4451-9c5f-b146b085413a,false,,Individual,Next Quarter,,,Warm,false,,,,,false,,Active,Active,,,,0,,Sound System,0,0,0,0,0,0,0,0,0,0,0,0,,5220446,,bca19cdd-88df-e311-b8e5-6c3be5a8b200,5da0e5b9-88df-e311-b8e5-6c3be5a8b200,,480e992f-ff73-e911-a9ba-000d3a33bcb9,,,def60b71-ee73-e911-a9ba-000d3a33bcb9,d437e569-e7c2-e411-80df-fc15b42886e8,,,
bb7e830a-61bd-441b-b1fd-6bb104ffa027,,5/8/2019 12:00:00 AM,0,0,4140000,4140000,,true,false,,New Audio Equipment,,true,false,,true,,5/6/2019 12:00:00 AM,89500,89500,false,1,false,false,,false,,,Pipeline (low confidence),,,true,true,true,11,,,,,c60d0283-5bf2-e311-945f-6c3be5a8dd64,0,,,Item based,false,4-Close,false,true,None,Default Value,80,Default Value,3e8ebee6-a2bc-4451-9c5f-b146b085413a,false,Gather Customer Requirements,Committee,,,,Hot,false,,,,,false,,,,,,,0,,Sound Equipment,0,0,0,0,0,0,0,0,0,0,0,0,,5220442,,c4a19cdd-88df-e311-b8e5-6c3be5a8b200,65a0e5b9-88df-e311-b8e5-6c3be5a8b200,,480e992f-ff73-e911-a9ba-000d3a33bcb9,,,def60b71-ee73-e911-a9ba-000d3a33bcb9,56bf6346-91df-e311-9565-a45d36fc5fe8,,f48571f5-88df-e311-b8e5-6c3be5a8b200,
650e06b4-789b-46c1-822b-0da76bedb1ed,,,,,2134000,2134000,,false,false,Large employer nearby offering free product as a benefit.,"Middle of the line, economical products.",,false,false,,false,,8/28/2019 12:00:00 AM,1023000,1023000,false,1,false,false,,false,,,Pipeline (low confidence),,,false,false,false,11,,,,,5c0e0283-5bf2-e311-945f-6c3be5a8dd64,,,,Item based,false,2-Develop,false,false,None,Default Value,40,Default Value,3e8ebee6-a2bc-4451-9c5f-b146b085413a,false,Product Comparison with Customer,Committee,This Year,,,Hot,false,Qualify,,,,false,,Active,Active,,,,0,,Some interest in our JJ line of products,0,0,0,0,0,0,0,0,0,0,0,0,,5220416,,aea19cdd-88df-e311-b8e5-6c3be5a8b200,4fa0e5b9-88df-e311-b8e5-6c3be5a8b200,,480e992f-ff73-e911-a9ba-000d3a33bcb9,,,def60b71-ee73-e911-a9ba-000d3a33bcb9,d437e569-e7c2-e411-80df-fc15b42886e8,,,
6b9ce798-221a-4260-90b2-2a95ed51a5bc,,11/14/2018 12:00:00 AM,1160000,1160000,1160000,1160000,,false,false,Large employer nearby offering free product as a benefit.,"Middle of the line, economical products.",,false,false,,false,,11/17/2018 12:00:00 AM,1160000,1160000,false,1,false,false,,false,,,Pipeline (low confidence),,,false,false,false,11,,,,,420e0283-5bf2-e311-945f-6c3be5a8dd64,,,,Item based,false,1-Qualify,false,false,None,Default Value,60,Default Value,3e8ebee6-a2bc-4451-9c5f-b146b085413a,false,,,This Year,,,Cold,false,,,,,false,,,Inactive,,,,0,,Smart Phones,0,0,0,0,0,0,0,0,0,0,0,0,,5220413,,c8a19cdd-88df-e311-b8e5-6c3be5a8b200,465b158c-541c-e511-80d3-3863bb347ba8,,480e992f-ff73-e911-a9ba-000d3a33bcb9,,,def60b71-ee73-e911-a9ba-000d3a33bcb9,,,f48571f5-88df-e311-b8e5-6c3be5a8b200,
650e06b4-789b-46c1-822b-0da76bedb1ed,,,,,55000,55000,,false,false,,,,false,false,,false,,7/25/2019 12:00:00 AM,220368,220368,false,1,false,false,,false,,,Pipeline (low confidence),,,false,false,false,11,,,,,c00d0283-5bf2-e311-945f-6c3be5a8dd64,,,,Item based,false,2-Develop,false,false,None,Default Value,60,Default Value,3e8ebee6-a2bc-4451-9c5f-b146b085413a,false,,Individual,Next Quarter,,,Warm,false,,,,,false,,Active,Active,,,,0,,Small Personal Electronics,22368,22368,22368,22368,0,0,0,0,22368,22368,0,0,,5220399,,caa19cdd-88df-e311-b8e5-6c3be5a8b200,02fa7133-4fc8-e411-80ee-c4346bac7be8,,480e992f-ff73-e911-a9ba-000d3a33bcb9,,,def60b71-ee73-e911-a9ba-000d3a33bcb9,d437e569-e7c2-e411-80df-fc15b42886e8,,,
6b9ce798-221a-4260-90b2-2a95ed51a5bc,,4/9/2019 12:00:00 AM,2134000,2134000,2134000,2134000,,true,false,,,,false,true,,true,,3/17/2019 12:00:00 AM,2134000,2134000,false,1,false,true,,true,,,Pipeline (low confidence),,,true,true,true,11,,,,,700e0283-5bf2-e311-945f-6c3be5a8dd64,,,,Item based,false,4-Close,true,true,None,Default Value,80,Default Value,3e8ebee6-a2bc-4451-9c5f-b146b085413a,false,,Individual,This Year,,,Hot,false,,,,,false,,,Inactive,,,,0,,Small Home Appliances,0,0,0,0,0,0,0,0,0,0,0,0,,5220395,,c8a19cdd-88df-e311-b8e5-6c3be5a8b200,465b158c-541c-e511-80d3-3863bb347ba8,,480e992f-ff73-e911-a9ba-000d3a33bcb9,,,def60b71-ee73-e911-a9ba-000d3a33bcb9,56bf6346-91df-e311-9565-a45d36fc5fe8,,e68571f5-88df-e311-b8e5-6c3be5a8b200,
,,,,,30000,30000,,false,false,,,,false,false,,false,,7/25/2019 12:00:00 AM,200000,200000,false,1,false,false,,false,,,Pipeline (low confidence),,,false,false,false,,,,,,514f8d92-2092-e911-a962-000d3a37fb59,,,,Item based,false,1-Qualify,false,false,None,Default Value,,Default Value,3e8ebee6-a2bc-4451-9c5f-b146b085413a,false,,Committee,Next Quarter,,,Warm,false,,,,,false,DoPriceCalcAlways,Active,Active,,,,0,,Seattle Times,0,0,0,0,0,0,0,0,0,0,0,0,,5220372,,76799e6f-f691-e911-a962-000d3a37fb59,fbad0243-dcbe-e911-a96b-000d3a37fb59,,480e992f-ff73-e911-a9ba-000d3a33bcb9,,,def60b71-ee73-e911-a9ba-000d3a33bcb9,,,,
d3ca8878-8d7b-47b9-852d-fcd838790cfd,,,,,910000,910000,,false,false,Sales dropping among younger customers.,Needs special deal at an affordable price.,,false,false,,false,,9/19/2019 12:00:00 AM,804050,804050,false,1,false,false,,false,,,Pipeline (low confidence),,,false,false,false,11,,,,,690d0283-5bf2-e311-945f-6c3be5a8dd64,,,,Item based,false,3-Propose,false,false,None,Default Value,60,Default Value,3e8ebee6-a2bc-4451-9c5f-b146b085413a,false,Gather quote,Individual,This Quarter,,,Hot,false,,,,,false,,Active,Active,,,,0,,Ready to buy product SKU E Series,0,0,0,0,0,0,0,0,0,0,0,0,,5220334,,b4a19cdd-88df-e311-b8e5-6c3be5a8b200,55a0e5b9-88df-e311-b8e5-6c3be5a8b200,,480e992f-ff73-e911-a9ba-000d3a33bcb9,,,def60b71-ee73-e911-a9ba-000d3a33bcb9,,,,
650e06b4-789b-46c1-822b-0da76bedb1ed,,,,,3170000,3170000,,false,false,,,,false,false,,false,,7/27/2019 12:00:00 AM,2000000,2000000,false,1,false,false,,false,,,Pipeline (low confidence),,,false,false,false,11,,,,,c40d0283-5bf2-e311-945f-6c3be5a8dd64,,,,Item based,false,2-Develop,false,false,None,Default Value,60,Default Value,3e8ebee6-a2bc-4451-9c5f-b146b085413a,false,,Committee,Next Quarter,,,Warm,true,Qualify,,,,false,,Active,Active,,,,0,,Portable Computing,2000000,2000000,2000000,2000000,0,0,0,0,2000000,2000000,0,0,,5220312,,c2a19cdd-88df-e311-b8e5-6c3be5a8b200,63a0e5b9-88df-e311-b8e5-6c3be5a8b200,,480e992f-ff73-e911-a9ba-000d3a33bcb9,,,def60b71-ee73-e911-a9ba-000d3a33bcb9,d437e569-e7c2-e411-80df-fc15b42886e8,,,
bb7e830a-61bd-441b-b1fd-6bb104ffa027,,5/8/2019 12:00:00 AM,1690000,1690000,6155000,6155000,,false,false,,Cell Phone Equipment Requested,,true,false,,false,,4/30/2019 12:00:00 AM,1690000,1690000,false,1,false,false,,false,,,Pipeline (low confidence),,,false,false,false,11,,,,,8b0d0283-5bf2-e311-945f-6c3be5a8dd64,,,,Item based,false,4-Close,false,false,None,Default Value,80,Default Value,3e8ebee6-a2bc-4451-9c5f-b146b085413a,false,Deliver Sample Equipment for Testing,,Next Quarter,,,Warm,false,,,,,false,,,Inactive,,,,0,,Phones,0,0,0,0,0,0,0,0,0,0,0,0,,5220306,,cca19cdd-88df-e311-b8e5-6c3be5a8b200,,,480e992f-ff73-e911-a9ba-000d3a33bcb9,,,def60b71-ee73-e911-a9ba-000d3a33bcb9,,,ec8571f5-88df-e311-b8e5-6c3be5a8b200,
d3ca8878-8d7b-47b9-852d-fcd838790cfd,,,,,3167000,3167000,,false,false,,,,true,false,,false,,10/29/2019 12:00:00 AM,2500000,2500000,false,1,false,false,,false,,,Pipeline (low confidence),,,false,false,false,11,,,,,f40d0283-5bf2-e311-945f-6c3be5a8dd64,,,,Item based,false,3-Propose,false,false,None,Default Value,60,Default Value,3e8ebee6-a2bc-4451-9c5f-b146b085413a,false,,Individual,This Quarter,,,Warm,false,Qualify,,,,false,,Active,Active,,,,0,,Personal Mobile Devices,298500,298500,298500,298500,0,0,0,0,298500,298500,0,0,,5220272,,c4a19cdd-88df-e311-b8e5-6c3be5a8b200,65a0e5b9-88df-e311-b8e5-6c3be5a8b200,,480e992f-ff73-e911-a9ba-000d3a33bcb9,,,def60b71-ee73-e911-a9ba-000d3a33bcb9,d437e569-e7c2-e411-80df-fc15b42886e8,,,
6b9ce798-221a-4260-90b2-2a95ed51a5bc,,8/7/2019 12:00:00 AM,7140000,7140000,7140000,7140000,,false,false,,,,false,false,,false,,9/18/2018 12:00:00 AM,7140000,7140000,false,1,false,false,,false,,,Pipeline (low confidence),,,false,false,false,11,,,,,960e0283-5bf2-e311-945f-6c3be5a8dd64,,,,Item based,false,4-Close,false,false,None,Default Value,40,Default Value,3e8ebee6-a2bc-4451-9c5f-b146b085413a,false,,Individual,This Quarter,,,Warm,false,,,,,false,,,Inactive,,,,0,,Personal Device Upgrade,0,0,0,0,0,0,0,0,0,0,0,0,,5220219,,c4a19cdd-88df-e311-b8e5-6c3be5a8b200,,,480e992f-ff73-e911-a9ba-000d3a33bcb9,,,def60b71-ee73-e911-a9ba-000d3a33bcb9,,,ce8571f5-88df-e311-b8e5-6c3be5a8b200,
d3ca8878-8d7b-47b9-852d-fcd838790cfd,,,,,2135000,2135000,,false,false,"Fabrikam Inc. is looking to purchase new office PC's. They're considering a few options from our catalog, but would like to standardize on one machine.",There are multiple PC's used throughout Fabrikam today. This has been a challenge for the IT staff to maintain. They would like to standardize on one machine.,,true,false,,false,,12/10/2019 12:00:00 AM,2078125,2078125,false,1,false,false,,false,,,Pipeline (low confidence),,,false,false,false,11,,,,,ae0d0283-5bf2-e311-945f-6c3be5a8dd64,5,,,Item based,false,3-Propose,false,false,None,Default Value,60,Default Value,3e8ebee6-a2bc-4451-9c5f-b146b085413a,false,,Committee,Next Quarter,,,Warm,true,,,,,false,,Active,Active,,,,0,,PC,2078125,2078125,2187500,2187500,109375,109375,0,0,2078125,2078125,0,0,,5220171,,b4a19cdd-88df-e311-b8e5-6c3be5a8b200,55a0e5b9-88df-e311-b8e5-6c3be5a8b200,,480e992f-ff73-e911-a9ba-000d3a33bcb9,,,def60b71-ee73-e911-a9ba-000d3a33bcb9,d437e569-e7c2-e411-80df-fc15b42886e8,,,
6b9ce798-221a-4260-90b2-2a95ed51a5bc,,12/12/2018 12:00:00 AM,9230000,9230000,9230000,9230000,,false,false,,,,false,true,,false,,12/18/2018 12:00:00 AM,9230000,9230000,false,1,false,true,,true,,,Pipeline (low confidence),,,false,false,false,11,,,,,980e0283-5bf2-e311-945f-6c3be5a8dd64,,,,Item based,false,4-Close,true,true,None,Default Value,80,Default Value,3e8ebee6-a2bc-4451-9c5f-b146b085413a,false,,Committee,Next Quarter,,,Hot,false,,,,,true,,,Inactive,,,,0,,Orders of Product SKU AX305 this summer,0,0,0,0,0,0,0,0,0,0,0,0,,5220164,,aca19cdd-88df-e311-b8e5-6c3be5a8b200,4da0e5b9-88df-e311-b8e5-6c3be5a8b200,,480e992f-ff73-e911-a9ba-000d3a33bcb9,,,def60b71-ee73-e911-a9ba-000d3a33bcb9,56bf6346-91df-e311-9565-a45d36fc5fe8,,d28571f5-88df-e311-b8e5-6c3be5a8b200,
bb7e830a-61bd-441b-b1fd-6bb104ffa027,,5/14/2019 12:00:00 AM,10000000,10000000,12230000,12230000,,false,false,Outdated equipment.  Planning on remodeling kitchen.,New Equipment ,,false,false,Purchasing of New Equipment in Kitchen Area,false,,2/17/2019 12:00:00 AM,10000000,10000000,false,1,false,false,,false,,,Pipeline (low confidence),,,false,false,false,11,,,,,9a0e0283-5bf2-e311-945f-6c3be5a8dd64,0,,,Item based,false,4-Close,false,false,None,Default Value,80,Default Value,3e8ebee6-a2bc-4451-9c5f-b146b085413a,false,Dimensions of the Kitchen,Unknown,Immediate,,,Hot,false,,,,,false,,,Inactive,,,,0,,New Kitchen Appliances,0,0,0,0,0,0,0,0,0,0,0,0,,5220135,,475b158c-541c-e511-80d3-3863bb347ba8,4fa2e5b9-88df-e311-b8e5-6c3be5a8b200,,480e992f-ff73-e911-a9ba-000d3a33bcb9,,,def60b71-ee73-e911-a9ba-000d3a33bcb9,,,f48571f5-88df-e311-b8e5-6c3be5a8b200,
,,,,,1000000,1000000,,false,false,,,,false,false,,false,,11/5/2019 12:00:00 AM,1300000,1300000,false,1,false,false,,false,,,Pipeline (low confidence),,,false,false,false,,,,,,a98fe377-2092-e911-a962-000d3a37fb59,,,,Item based,false,1-Qualify,false,false,None,Default Value,,Default Value,3e8ebee6-a2bc-4451-9c5f-b146b085413a,false,,Unknown,This Year,,,Warm,false,,,,,false,DoPriceCalcAlways,Active,Active,,,,0,,NBC,0,0,0,0,0,0,0,0,0,0,0,0,,5220112,,ba3925b5-4a91-e911-a961-000d3a37fb59,6513b4bc-5a98-e911-a964-000d3a37fb59,,480e992f-ff73-e911-a9ba-000d3a33bcb9,,,def60b71-ee73-e911-a9ba-000d3a33bcb9,,,,
6b9ce798-221a-4260-90b2-2a95ed51a5bc,,,,,2500000,2500000,,false,false,,,,false,false,"Interested in Cellphone Release
",false,,8/31/2019 12:00:00 AM,1500000,1500000,false,1,false,false,,false,,,Pipeline (low confidence),,,true,true,false,,,,,,3242ee92-541c-e511-80d3-3863bb347ba8,,,,Item based,false,1-Qualify,false,false,None,Default Value,50,Default Value,3e8ebee6-a2bc-4451-9c5f-b146b085413a,false,,,This Year,,,Warm,false,Qualify,,,,false,,Active,Active,,,,0,,Interested in new cell phone release,0,0,0,0,0,0,0,0,0,0,0,0,,5219870,,c6a19cdd-88df-e311-b8e5-6c3be5a8b200,39a4e5b9-88df-e311-b8e5-6c3be5a8b200,,480e992f-ff73-e911-a9ba-000d3a33bcb9,,4b4fa496-3ff2-e311-9864-a45d36fc5f1c,def60b71-ee73-e911-a9ba-000d3a33bcb9,,,f48571f5-88df-e311-b8e5-6c3be5a8b200,
,,,,,4500000,4500000,,false,false,,,,false,false,"Interested in Cellphone Release
",false,,8/21/2019 12:00:00 AM,1200000,1200000,false,1,false,false,,false,,,Pipeline (low confidence),,,false,false,false,,,,,,97204e3d-2499-e911-a964-000d3a37fb59,,,,Item based,false,2-Develop,false,false,None,Default Value,,Default Value,00000000-0000-0000-0000-000000000000,false,,Committee,This Year,,,Warm,false,,,,,false,,Active,Active,,,,0,,Interested in new cell phone release,0,0,0,0,0,0,0,0,0,0,0,0,,5219859,,c6a19cdd-88df-e311-b8e5-6c3be5a8b200,39a4e5b9-88df-e311-b8e5-6c3be5a8b200,,480e992f-ff73-e911-a9ba-000d3a33bcb9,,4b4fa496-3ff2-e311-9864-a45d36fc5f1c,def60b71-ee73-e911-a9ba-000d3a33bcb9,,,f48571f5-88df-e311-b8e5-6c3be5a8b200,
6b9ce798-221a-4260-90b2-2a95ed51a5bc,,,,,3152000,3152000,,false,false,,,,true,false,,false,,11/5/2019 12:00:00 AM,1207500,1207500,false,1,false,false,,false,,,Pipeline (low confidence),,,false,false,false,11,,,,,ea0d0283-5bf2-e311-945f-6c3be5a8dd64,,,,Item based,false,1-Qualify,false,false,None,Default Value,50,Default Value,3e8ebee6-a2bc-4451-9c5f-b146b085413a,false,,Individual,Next Quarter,,,Warm,false,Qualify,,,,false,,Active,Active,,,,0,,Home Entertainment,0,0,0,0,0,0,0,0,0,0,0,0,,5219843,,b6a19cdd-88df-e311-b8e5-6c3be5a8b200,57a0e5b9-88df-e311-b8e5-6c3be5a8b200,,480e992f-ff73-e911-a9ba-000d3a33bcb9,,,def60b71-ee73-e911-a9ba-000d3a33bcb9,d437e569-e7c2-e411-80df-fc15b42886e8,,e68571f5-88df-e311-b8e5-6c3be5a8b200,
d3ca8878-8d7b-47b9-852d-fcd838790cfd,,,,,2325000,2325000,,false,false,,,,true,false,,false,,8/13/2019 12:00:00 AM,1200000,1200000,false,1,false,false,,false,,,Pipeline (low confidence),,,false,false,false,11,,,,,f80d0283-5bf2-e311-945f-6c3be5a8dd64,,,,Item based,false,3-Propose,false,false,None,Default Value,60,Default Value,3e8ebee6-a2bc-4451-9c5f-b146b085413a,false,,Unknown,This Year,,,Warm,false,,,,,false,,Active,Active,,,,0,,Home Electronics Consolidation,0,0,0,0,0,0,0,0,0,0,0,0,,5219832,,cca19cdd-88df-e311-b8e5-6c3be5a8b200,49a0e5b9-88df-e311-b8e5-6c3be5a8b200,,480e992f-ff73-e911-a9ba-000d3a33bcb9,,,def60b71-ee73-e911-a9ba-000d3a33bcb9,,,e68571f5-88df-e311-b8e5-6c3be5a8b200,
bb7e830a-61bd-441b-b1fd-6bb104ffa027,,,,,40000,40000,,false,false,,,,false,false,,false,,8/18/2019 12:00:00 AM,36314,36314,false,1,false,false,7/30/2019 12:00:00 AM,true,,,Pipeline (low confidence),,,false,false,false,11,,,,,a60d0283-5bf2-e311-945f-6c3be5a8dd64,,,,Item based,false,4-Close,true,false,None,Default Value,80,Default Value,3e8ebee6-a2bc-4451-9c5f-b146b085413a,false,,Committee,Unknown,,,Hot,true,,,,,false,,Active,Active,,,,0,,Home Electronics,36314,36314,36314,36314,0,0,0,0,36314,36314,0,0,,5219829,,b4a19cdd-88df-e311-b8e5-6c3be5a8b200,55a0e5b9-88df-e311-b8e5-6c3be5a8b200,,480e992f-ff73-e911-a9ba-000d3a33bcb9,,,def60b71-ee73-e911-a9ba-000d3a33bcb9,d437e569-e7c2-e411-80df-fc15b42886e8,,e68571f5-88df-e311-b8e5-6c3be5a8b200,
bb7e830a-61bd-441b-b1fd-6bb104ffa027,,,,,3334776,3334776,,false,false,Large employer nearby offering free product as a benefit.,"Middle of the line, economical products.",,false,false,,false,,8/28/2019 12:00:00 AM,3334776,3334776,false,1,false,false,,false,,,Pipeline (low confidence),,,false,false,false,11,,,,,560e0283-5bf2-e311-945f-6c3be5a8dd64,,,,Item based,false,4-Close,false,false,None,Default Value,80,Default Value,3e8ebee6-a2bc-4451-9c5f-b146b085413a,false,,Unknown,Immediate,,,Hot,false,Qualify,,,,false,,Active,Active,,,,0,,Handheld Electronics,0,0,0,0,0,0,0,0,0,0,0,0,,5219811,,b6a19cdd-88df-e311-b8e5-6c3be5a8b200,,,480e992f-ff73-e911-a9ba-000d3a33bcb9,,,def60b71-ee73-e911-a9ba-000d3a33bcb9,,,e68571f5-88df-e311-b8e5-6c3be5a8b200,
,,,,,90000000,90000000,,false,false,,,,false,false,,false,,8/20/2019 12:00:00 AM,6000000,6000000,false,1,false,false,,false,,,Pipeline (low confidence),,,false,false,false,,,,,,96a8c166-2092-e911-a962-000d3a37fb59,,,,Item based,false,1-Qualify,false,false,None,Default Value,,Default Value,3e8ebee6-a2bc-4451-9c5f-b146b085413a,false,,Committee,This Year,,,Warm,false,,,,,false,DoPriceCalcAlways,Active,Active,,,,0,,General Electric,0,0,0,0,0,0,0,0,0,0,0,0,,5219803,,0c6a1118-4b91-e911-a961-000d3a37fb59,476bcdc6-73aa-e911-a967-000d3a37fb59,,480e992f-ff73-e911-a9ba-000d3a33bcb9,,,def60b71-ee73-e911-a9ba-000d3a33bcb9,,,,
,,,,,6578432,6578432,,false,false,,,,false,false,,false,,10/31/2019 12:00:00 AM,2355000,2355000,false,1,false,false,,false,,,Pipeline (low confidence),,,false,false,false,,,,,,1217c153-2092-e911-a962-000d3a37fb59,,,,Item based,false,1-Qualify,false,false,None,Default Value,,Default Value,3e8ebee6-a2bc-4451-9c5f-b146b085413a,false,,Unknown,This Year,,,Warm,false,,,,,false,DoPriceCalcAlways,Active,Active,,,,0,,GE Transportation,0,0,0,0,0,0,0,0,0,0,0,0,,5219790,,0a892689-4991-e911-a961-000d3a37fb59,2a1dceda-bfa9-e911-a967-000d3a37fb59,,480e992f-ff73-e911-a9ba-000d3a33bcb9,,,def60b71-ee73-e911-a9ba-000d3a33bcb9,,,,
,,,,,5641234,5641234,,false,false,,,,false,true,,false,,11/13/2019 12:00:00 AM,12345645,12345645,false,1,false,false,,false,,,Pipeline (low confidence),,,false,true,false,,,,,,ed58523f-2092-e911-a962-000d3a37fb59,,,,Item based,false,2-Develop,false,false,None,Default Value,,Default Value,3e8ebee6-a2bc-4451-9c5f-b146b085413a,false,,Unknown,Next Quarter,,,Warm,false,,,,,false,DoPriceCalcAlways,Active,Active,,,,0,,GE Capital Aviation Services (Moscow),0,0,0,0,0,0,0,0,0,0,0,0,,5219785,,0c5661eb-4891-e911-a961-000d3a37fb59,29c3ab35-d8be-e911-a96b-000d3a37fb59,,480e992f-ff73-e911-a9ba-000d3a33bcb9,,,def60b71-ee73-e911-a9ba-000d3a33bcb9,,,,
,,,,,123123,123123,,false,false,,,,false,false,,false,,8/22/2019 12:00:00 AM,3100000,3100000,false,1,false,false,,false,,,Pipeline (low confidence),,,false,false,false,,,,,,292353fd-2092-e911-a962-000d3a37fb59,,,,Item based,false,1-Qualify,false,false,None,Default Value,,Default Value,3e8ebee6-a2bc-4451-9c5f-b146b085413a,false,,Committee,This Year,,,Warm,false,,,,,false,DoPriceCalcAlways,Active,Active,,,,0,,Ford of Bat Ridge,0,0,0,0,0,0,0,0,0,0,0,0,,5219756,,361ca42e-ea91-e911-a962-000d3a37fb59,369c55fe-d7be-e911-a96b-000d3a37fb59,,480e992f-ff73-e911-a9ba-000d3a33bcb9,,,def60b71-ee73-e911-a9ba-000d3a33bcb9,,,,
,,,,,600000,600000,,false,false,,,,false,false,,false,,10/24/2019 12:00:00 AM,2000000,2000000,false,1,false,false,,false,,,Pipeline (low confidence),,,false,false,false,,,,,,600b7af1-1f92-e911-a962-000d3a37fb59,,,,Item based,false,1-Qualify,false,false,None,Default Value,,Default Value,3e8ebee6-a2bc-4451-9c5f-b146b085413a,false,,,Next Quarter,,,Warm,false,,,,,false,DoPriceCalcAlways,Active,Active,,,,0,,Ford Motot Company - Desktop,0,0,0,0,0,0,0,0,0,0,0,0,,5219735,,4bdc2a75-4891-e911-a961-000d3a37fb59,28bdabdd-5598-e911-a964-000d3a37fb59,5060b62d-0c74-e911-a9b7-000d3a33afd1,480e992f-ff73-e911-a9ba-000d3a33bcb9,,,def60b71-ee73-e911-a9ba-000d3a33bcb9,,,,
,,,,,3456123,3456123,,false,false,,,,false,false,,false,,12/3/2019 12:00:00 AM,2351456,2351456,false,1,false,false,,false,,,Pipeline (low confidence),,,false,false,false,,,,,,48b0a027-2092-e911-a962-000d3a37fb59,,,,Item based,false,1-Qualify,false,false,None,Default Value,,Default Value,3e8ebee6-a2bc-4451-9c5f-b146b085413a,false,,Unknown,Unknown,,,Warm,false,,,,,false,DoPriceCalcAlways,Active,Active,,,,0,,Ford Motor Credit Company,0,0,0,0,0,0,0,0,0,0,0,0,,5219724,,97265306-4791-e911-a961-000d3a37fb59,13210a8e-5498-e911-a964-000d3a37fb59,,480e992f-ff73-e911-a9ba-000d3a33bcb9,,,def60b71-ee73-e911-a9ba-000d3a33bcb9,,,,
d3ca8878-8d7b-47b9-852d-fcd838790cfd,,,,,2440000,2440000,,true,false,,Computing Equipment,,false,false,,true,,8/31/2019 12:00:00 AM,2000000,2000000,false,1,false,false,,false,,,Pipeline (low confidence),,,true,true,true,11,,,,,d80e0283-5bf2-e311-945f-6c3be5a8dd64,0,,,Item based,false,2-Develop,false,true,None,Default Value,60,Default Value,3e8ebee6-a2bc-4451-9c5f-b146b085413a,false,Distribute Catalogue,,This Quarter,,,Warm,true,Qualify,,,,false,,Active,Active,,,,0,,Computers,2000000,2000000,2000000,2000000,0,0,0,0,2000000,2000000,0,0,,5219689,,caa19cdd-88df-e311-b8e5-6c3be5a8b200,de704d6c-d7be-e911-a96b-000d3a37fb59,,480e992f-ff73-e911-a9ba-000d3a33bcb9,,,def60b71-ee73-e911-a9ba-000d3a33bcb9,d437e569-e7c2-e411-80df-fc15b42886e8,,,
,,,,,50000,50000,,false,false,,,,false,false,Buy laser machine for organization,false,,11/1/2019 12:00:00 AM,320000,320000,false,1,false,false,,false,,,Pipeline (low confidence),,,false,false,false,,,,,,ef306549-4cae-e911-a968-000d3a37fb59,,,,Item based,false,1-Qualify,false,false,None,Default Value,,Default Value,3e8ebee6-a2bc-4451-9c5f-b146b085413a,false,,Individual,This Quarter,,,Warm,false,,,,,false,,Active,Active,,,,0,,Buy laser machine,0,0,0,0,0,0,0,0,0,0,0,0,,5219632,,e56b3f4b-1be7-e611-8101-e0071b6af231,aba07064-1ae7-e611-80f4-e0071b661f01,,480e992f-ff73-e911-a9ba-000d3a33bcb9,,,def60b71-ee73-e911-a9ba-000d3a33bcb9,,,,
bb7e830a-61bd-441b-b1fd-6bb104ffa027,,,,,3145000,3145000,,true,false,,Equipment to play correct audio format,,false,true,,true,,9/5/2019 12:00:00 AM,0,0,false,1,false,true,6/6/2019 12:00:00 AM,true,,,Pipeline (low confidence),,,true,true,true,11,,,,,020e0283-5bf2-e311-945f-6c3be5a8dd64,0,,,Item based,false,4-Close,true,true,Detail Error,Default Value,80,Default Value,3e8ebee6-a2bc-4451-9c5f-b146b085413a,false,Test Products,Committee,This Year,,,Hot,true,,,,,true,,Active,Active,,,,0,,Audio Format,0,0,0,0,0,0,0,0,0,0,0,0,,5219621,,c2a19cdd-88df-e311-b8e5-6c3be5a8b200,63a0e5b9-88df-e311-b8e5-6c3be5a8b200,,480e992f-ff73-e911-a9ba-000d3a33bcb9,,,def60b71-ee73-e911-a9ba-000d3a33bcb9,d437e569-e7c2-e411-80df-fc15b42886e8,,cc8571f5-88df-e311-b8e5-6c3be5a8b200,
,,,,,,,,false,false,,,,false,false,,false,,11/27/2019 12:00:00 AM,3000000,3000000,false,1,false,false,,false,,,Pipeline (low confidence),,,false,false,false,,,,,,583f4833-2192-e911-a962-000d3a37fb59,,,,Work based,false,1-Qualify,false,false,None,Default Value,,Default Value,3e8ebee6-a2bc-4451-9c5f-b146b085413a,false,,,,,,Warm,false,Qualify,,,,false,DoPriceCalcAlways,Active,Active,,,,0,,WTHR News,0,0,0,0,0,0,0,0,0,0,0,0,,5219571,21b6fe39-cc82-4b5c-8cbf-a2e50851a0fd,b9c86b19-f691-e911-a962-000d3a37fb59,,5060b62d-0c74-e911-a9b7-000d3a33afd1,480e992f-ff73-e911-a9ba-000d3a33bcb9,,,def60b71-ee73-e911-a9ba-000d3a33bcb9,ef77a643-1de7-e611-80f4-e0071b661f01,,,
,,,,,1542800,1542800,,false,false,,,,false,true,Testing,false,,12/26/2019 12:00:00 AM,1230000,1230000,false,1,false,false,,false,,,Pipeline (low confidence),,,false,false,false,,,,,,43d30950-2499-e911-a964-000d3a37fb59,,,,Item based,false,2-Develop,false,false,None,Default Value,,Default Value,00000000-0000-0000-0000-000000000000,false,,Individual,This Quarter,,,Warm,false,,,,,false,,Active,Active,,,,0,,Interested in our newer offerings,0,0,0,0,0,0,0,0,0,0,0,0,,5219550,,475b158c-541c-e511-80d3-3863bb347ba8,41d30950-2499-e911-a964-000d3a37fb59,,480e992f-ff73-e911-a9ba-000d3a33bcb9,,ef975ea3-531c-e511-80d8-3863bb3ce2c8,def60b71-ee73-e911-a9ba-000d3a33bcb9,,,d08571f5-88df-e311-b8e5-6c3be5a8b200,
,,,,,4644800,4644800,,false,false,,,,false,true,"Expansion of Inventory
",false,,11/22/2019 12:00:00 AM,2300000,2300000,false,1,false,false,,false,,,Pipeline (low confidence),,,false,false,false,,,,,,cbd11c33-2499-e911-a964-000d3a37fb59,,,,Item based,false,2-Develop,false,false,None,Default Value,,Default Value,00000000-0000-0000-0000-000000000000,false,,Committee,Next Quarter,,,Warm,false,,,,,false,,Active,Active,,,,0,,New store opened this year - follow up,0,0,0,0,0,0,0,0,0,0,0,0,,5219547,,475b158c-541c-e511-80d3-3863bb347ba8,465b158c-541c-e511-80d3-3863bb347ba8,,480e992f-ff73-e911-a9ba-000d3a33bcb9,,8f4fa496-3ff2-e311-9864-a45d36fc5f1c,def60b71-ee73-e911-a9ba-000d3a33bcb9,,,f48571f5-88df-e311-b8e5-6c3be5a8b200,
,,,,,7347900,7347900,,false,false,,,,false,true,Expansion of Inventory,false,,,,,false,1,false,false,,false,,,Pipeline (low confidence),,,false,false,false,,,,,,98b2e4d8-aab7-e911-a96a-000d3a37fb59,,,,Work based,false,2-Develop,false,false,None,Default Value,,Default Value,00000000-0000-0000-0000-000000000000,false,,Committee,Unknown,,,Warm,false,,,,,false,,Active,Active,,,,,,Video Hardware Upgrade,0,0,0,0,0,0,0,0,0,0,0,0,,4907489,82606896-1492-e911-a98e-000d3a37fbce,baa19cdd-88df-e311-b8e5-6c3be5a8b200,59a0e5b9-88df-e311-b8e5-6c3be5a8b200,3586d7b6-0574-e911-a9ba-000d3a33bcb9,480e992f-ff73-e911-a9ba-000d3a33bcb9,,b56264dc-7332-e611-80e5-5065f38b31c1,def60b71-ee73-e911-a9ba-000d3a33bcb9,ef77a643-1de7-e611-80f4-e0071b661f01,,e28571f5-88df-e311-b8e5-6c3be5a8b200,
,,,,,150000,150000,,false,false,Using three 3D printers currently.,Need new widget control,,false,false,Upgrade to existing 3D printer supply,false,,8/2/2019 12:00:00 AM,150000,150000,false,1,false,false,,false,,,Pipeline (low confidence),,,false,false,false,,,,,,9d39f856-40ae-e911-a968-000d3a37fb59,,,,Item based,false,1-Qualify,false,false,None,Default Value,,Default Value,3e8ebee6-a2bc-4451-9c5f-b146b085413a,false,Upgrade to the z190 model,Committee,This Quarter,,,Warm,false,,,,,false,,Active,Active,,,,0,,3D printer upgrade,0,0,0,0,0,0,0,0,0,0,0,0,,3231368,,e16b3f4b-1be7-e611-8101-e0071b6af231,39a4e5b9-88df-e311-b8e5-6c3be5a8b200,,480e992f-ff73-e911-a9ba-000d3a33bcb9,,,def60b71-ee73-e911-a9ba-000d3a33bcb9,,,,
d3ca8878-8d7b-47b9-852d-fcd838790cfd,,7/19/2019 12:00:00 AM,0,0,500000,500000,,false,false,"Northwind Traders, Inc. maintains stores all over the United States selling novelty items; interested in specializing in the printer industry due to high selling volume.",Would like to expand their inventory of quality 3D Printers to focus more primarily in the modeling industry.,,false,false,Alex has demonstrated that NWT is interested in purchasing the some 3D Printers.,false,,7/19/2019 12:00:00 AM,10568900,10568900,false,1,false,false,4/8/2016 12:00:00 AM,true,,,Pipeline (low confidence),,,true,true,false,,,,,,628cf01a-aed1-e411-80ef-c4346bac7be8,15,,,Item based,false,3-Propose,true,false,None,Default Value,70,Default Value,3e8ebee6-a2bc-4451-9c5f-b146b085413a,false,A. Datum's X series is our best line of 3D Printer that are trending across the US and land within NWT's scope.,Unknown,This Quarter,,,Hot,false,,,,,false,,,,,,,0,,Expressed interest in A. Datum X line of printers,10569962.5,10569962.5,12435250,12435250,1865287.5,1865287.5,0,0,10569962.5,10569962.5,0,0,,3230739,,c2a19cdd-88df-e311-b8e5-6c3be5a8b200,63a0e5b9-88df-e311-b8e5-6c3be5a8b200,,480e992f-ff73-e911-a9ba-000d3a33bcb9,,494fa496-3ff2-e311-9864-a45d36fc5f1c,def60b71-ee73-e911-a9ba-000d3a33bcb9,d437e569-e7c2-e411-80df-fc15b42886e8,,ec8571f5-88df-e311-b8e5-6c3be5a8b200,
d3ca8878-8d7b-47b9-852d-fcd838790cfd,,7/9/2019 12:00:00 AM,0,0,1722240,1722240,,false,false,,,,false,false,Installing Home Appliances,false,,4/18/2019 12:00:00 AM,230000,230000,false,1,false,false,,false,,,Pipeline (low confidence),,,false,false,false,11,,,,,6f0d0283-5bf2-e311-945f-6c3be5a8dd64,,,,Item based,false,3-Propose,false,false,None,Default Value,60,Default Value,3e8ebee6-a2bc-4451-9c5f-b146b085413a,false,,Committee,This Quarter,,,Hot,false,,,,,false,,,,,,,0,,Incorporating home appliances into their resorts to create a more comfortable environment,0,0,0,0,0,0,0,0,0,0,0,0,,3213715,,aaa19cdd-88df-e311-b8e5-6c3be5a8b200,,,480e992f-ff73-e911-a9ba-000d3a33bcb9,,,def60b71-ee73-e911-a9ba-000d3a33bcb9,,,ec8571f5-88df-e311-b8e5-6c3be5a8b200,
6b9ce798-221a-4260-90b2-2a95ed51a5bc,,7/18/2019 12:00:00 AM,6165000,6165000,6165000,6165000,,false,false,,,,false,false,,false,,9/6/2019 12:00:00 AM,6165000,6165000,false,1,false,false,,false,,,Pipeline (low confidence),,,false,false,false,11,,,,,dc0e0283-5bf2-e311-945f-6c3be5a8dd64,,,,Item based,false,4-Close,false,false,None,Default Value,60,Default Value,3e8ebee6-a2bc-4451-9c5f-b146b085413a,false,,,This Quarter,,,Warm,false,,,,,false,,,Inactive,,,,0,,GSM Phones,0,0,0,0,0,0,0,0,0,0,0,0,,2783387,,cca19cdd-88df-e311-b8e5-6c3be5a8b200,49a0e5b9-88df-e311-b8e5-6c3be5a8b200,,480e992f-ff73-e911-a9ba-000d3a33bcb9,,,def60b71-ee73-e911-a9ba-000d3a33bcb9,56bf6346-91df-e311-9565-a45d36fc5fe8,,ce8571f5-88df-e311-b8e5-6c3be5a8b200,
6b9ce798-221a-4260-90b2-2a95ed51a5bc,,6/18/2018 12:00:00 AM,2052000,2052000,2052000,2052000,,false,false,,,,false,false,,false,,5/4/2018 12:00:00 AM,2052000,2052000,false,1,false,false,,false,,,Pipeline (low confidence),,,false,false,false,11,,,,,cc0e0283-5bf2-e311-945f-6c3be5a8dd64,,,,Item based,false,4-Close,false,false,None,Default Value,40,Default Value,3e8ebee6-a2bc-4451-9c5f-b146b085413a,false,,Committee,This Quarter,,,Warm,false,,,,,false,,,Inactive,,,,0,,Synchronizing Audio and Video,0,0,0,0,0,0,0,0,0,0,0,0,,2783345,,c8a19cdd-88df-e311-b8e5-6c3be5a8b200,465b158c-541c-e511-80d3-3863bb347ba8,,480e992f-ff73-e911-a9ba-000d3a33bcb9,,,def60b71-ee73-e911-a9ba-000d3a33bcb9,,,cc8571f5-88df-e311-b8e5-6c3be5a8b200,
d3ca8878-8d7b-47b9-852d-fcd838790cfd,,5/18/2019 12:00:00 AM,2134000,2134000,2134000,2134000,,false,false,Large employer nearby offering free product as a benefit.,"Middle of the line, economical products.",,false,false,,false,,5/17/2019 12:00:00 AM,2134000,2134000,false,1,false,false,,false,,,Pipeline (low confidence),,,false,false,false,11,,,,,760e0283-5bf2-e311-945f-6c3be5a8dd64,,,,Item based,false,4-Close,false,false,None,Default Value,80,Default Value,3e8ebee6-a2bc-4451-9c5f-b146b085413a,false,,,This Year,,,Hot,false,,,,,false,,,Inactive,,,,0,,Personal Electronic Devices,0,0,0,0,0,0,0,0,0,0,0,0,,2783343,,c8a19cdd-88df-e311-b8e5-6c3be5a8b200,,,480e992f-ff73-e911-a9ba-000d3a33bcb9,,,def60b71-ee73-e911-a9ba-000d3a33bcb9,56bf6346-91df-e311-9565-a45d36fc5fe8,,e68571f5-88df-e311-b8e5-6c3be5a8b200,
6b9ce798-221a-4260-90b2-2a95ed51a5bc,,6/18/2019 12:00:00 AM,0,0,4120000,4120000,,true,false,,,,false,false,,true,,7/2/2019 12:00:00 AM,0,0,false,1,false,true,,true,,,Pipeline (low confidence),,,true,true,true,11,,,,,bc0e0283-5bf2-e311-945f-6c3be5a8dd64,,,,Item based,false,1-Qualify,true,true,None,Default Value,80,Default Value,3e8ebee6-a2bc-4451-9c5f-b146b085413a,false,,Committee,This Quarter,,,Hot,true,,,,,true,,,,,,,0,,Audio,0,0,0,0,0,0,0,0,0,0,0,0,,2783263,,c4a19cdd-88df-e311-b8e5-6c3be5a8b200,,,480e992f-ff73-e911-a9ba-000d3a33bcb9,,,def60b71-ee73-e911-a9ba-000d3a33bcb9,d437e569-e7c2-e411-80df-fc15b42886e8,,d28571f5-88df-e311-b8e5-6c3be5a8b200,
6b9ce798-221a-4260-90b2-2a95ed51a5bc,,5/18/2019 12:00:00 AM,4300000,4300000,4300000,4300000,,false,false,,,,false,false,,false,,4/2/2019 12:00:00 AM,4300000,4300000,false,1,false,false,,false,,,Pipeline (low confidence),,,false,false,false,11,,,,,ba0e0283-5bf2-e311-945f-6c3be5a8dd64,,,,Item based,false,4-Close,false,false,None,Default Value,80,Default Value,3e8ebee6-a2bc-4451-9c5f-b146b085413a,false,,,This Quarter,,,Hot,false,,,,,false,,,Inactive,,,,0,,Personal Electronics,0,0,0,0,0,0,0,0,0,0,0,0,,2783262,,c4a19cdd-88df-e311-b8e5-6c3be5a8b200,65a0e5b9-88df-e311-b8e5-6c3be5a8b200,,480e992f-ff73-e911-a9ba-000d3a33bcb9,,,def60b71-ee73-e911-a9ba-000d3a33bcb9,56bf6346-91df-e311-9565-a45d36fc5fe8,,d28571f5-88df-e311-b8e5-6c3be5a8b200,
bb7e830a-61bd-441b-b1fd-6bb104ffa027,,1/18/2019 12:00:00 AM,4230000,4230000,4230000,4230000,,true,false,,,,false,true,,true,,1/18/2019 12:00:00 AM,4230000,4230000,false,1,false,true,,true,,,Pipeline (low confidence),,,true,true,true,11,,,,,8a0e0283-5bf2-e311-945f-6c3be5a8dd64,,,,Item based,false,4-Close,true,true,None,Default Value,80,Default Value,3e8ebee6-a2bc-4451-9c5f-b146b085413a,false,,,This Year,,,Hot,false,,,,,true,,,Inactive,,,,0,,Video System Restructure,0,0,0,0,0,0,0,0,0,0,0,0,,2783168,,c0a19cdd-88df-e311-b8e5-6c3be5a8b200,,,480e992f-ff73-e911-a9ba-000d3a33bcb9,,,def60b71-ee73-e911-a9ba-000d3a33bcb9,,,ca8571f5-88df-e311-b8e5-6c3be5a8b200,
bb7e830a-61bd-441b-b1fd-6bb104ffa027,,6/18/2018 12:00:00 AM,937500,937500,6425000,6425000,,false,false,,Electronics for Household,,false,false,Electronic Equipment Requested for household appliances,false,,5/5/2018 12:00:00 AM,937500,937500,false,1,false,false,,false,,,Pipeline (low confidence),,,false,false,false,11,,,,,8f0d0283-5bf2-e311-945f-6c3be5a8dd64,,,,Item based,false,4-Close,false,false,None,Default Value,80,Default Value,3e8ebee6-a2bc-4451-9c5f-b146b085413a,false,Solution based on customer requirements of equipment needed in each area of the house,Committee,Next Quarter,,,Warm,false,,,,,false,,,Inactive,,,,0,,Housing Appliances,0,0,0,0,0,0,0,0,0,0,0,0,,2783081,,bca19cdd-88df-e311-b8e5-6c3be5a8b200,5da0e5b9-88df-e311-b8e5-6c3be5a8b200,,480e992f-ff73-e911-a9ba-000d3a33bcb9,,,def60b71-ee73-e911-a9ba-000d3a33bcb9,,,ec8571f5-88df-e311-b8e5-6c3be5a8b200,
d3ca8878-8d7b-47b9-852d-fcd838790cfd,,,,,2715000,2715000,,false,false,PC's are 3 years old and not capable of running the latest software. Looking for a company wide PC upgrade,Replacing PC's and accessories company wide,,false,false,,false,,7/13/2019 12:00:00 AM,2095680,2095680,false,1,false,false,,false,,,Pipeline (low confidence),,,false,false,true,11,,,,,ee0d0283-5bf2-e311-945f-6c3be5a8dd64,,,,Item based,false,3-Propose,false,false,None,Default Value,60,Default Value,3e8ebee6-a2bc-4451-9c5f-b146b085413a,false,,Committee,Unknown,,,Warm,true,,,,,false,,Active,Active,,,,0,,PC Selection,2095680,2095680,2095680,2095680,0,0,0,0,2095680,2095680,0,0,,2783051,,baa19cdd-88df-e311-b8e5-6c3be5a8b200,5ba0e5b9-88df-e311-b8e5-6c3be5a8b200,,480e992f-ff73-e911-a9ba-000d3a33bcb9,,,def60b71-ee73-e911-a9ba-000d3a33bcb9,d437e569-e7c2-e411-80df-fc15b42886e8,,ec8571f5-88df-e311-b8e5-6c3be5a8b200,
6b9ce798-221a-4260-90b2-2a95ed51a5bc,,,,,3142000,3142000,,false,false,,,,false,true,,false,,12/12/2019 12:00:00 AM,3142000,3142000,false,1,false,false,,false,,,Pipeline (low confidence),,,true,true,false,11,,,,,de0e0283-5bf2-e311-945f-6c3be5a8dd64,,,,Item based,false,1-Qualify,false,false,None,Default Value,20,Default Value,3e8ebee6-a2bc-4451-9c5f-b146b085413a,false,,Individual,This Quarter,,,Warm,false,Qualify,,,,false,,Active,Active,,,,0,,Home Electronic Systems Upgrade,0,0,0,0,0,0,0,0,0,0,0,0,,2782983,,b6a19cdd-88df-e311-b8e5-6c3be5a8b200,57a0e5b9-88df-e311-b8e5-6c3be5a8b200,,480e992f-ff73-e911-a9ba-000d3a33bcb9,,,def60b71-ee73-e911-a9ba-000d3a33bcb9,d437e569-e7c2-e411-80df-fc15b42886e8,,e68571f5-88df-e311-b8e5-6c3be5a8b200,
650e06b4-789b-46c1-822b-0da76bedb1ed,,,,,3140000,3140000,,false,false,Large employer nearby offering free product as a benefit.,"Middle of the line, economical products.",,false,false,,false,,8/10/2019 12:00:00 AM,2086850,2086850,false,1,false,false,,false,,,Pipeline (low confidence),,,false,false,false,11,,,,,840e0283-5bf2-e311-945f-6c3be5a8dd64,,,,Item based,false,2-Develop,false,false,None,Default Value,50,Default Value,3e8ebee6-a2bc-4451-9c5f-b146b085413a,false,,Unknown,Immediate,,,Warm,true,Qualify,,,,false,,Active,Active,,,,0,,Video Hardware Update,2086850,2086850,2086850,2086850,0,0,0,0,2086850,2086850,0,0,,2782982,,b6a19cdd-88df-e311-b8e5-6c3be5a8b200,57a0e5b9-88df-e311-b8e5-6c3be5a8b200,,480e992f-ff73-e911-a9ba-000d3a33bcb9,,,def60b71-ee73-e911-a9ba-000d3a33bcb9,d437e569-e7c2-e411-80df-fc15b42886e8,,d68571f5-88df-e311-b8e5-6c3be5a8b200,
6b9ce798-221a-4260-90b2-2a95ed51a5bc,,3/18/2019 12:00:00 AM,340000,340000,340000,340000,,true,false,Share prices dropping,Diversify into selling related products.,,false,false,,false,,1/17/2019 12:00:00 AM,340000,340000,false,1,false,true,,true,,,Pipeline (low confidence),,,true,false,false,11,,,,,a00e0283-5bf2-e311-945f-6c3be5a8dd64,,,,Item based,false,4-Close,true,true,None,Default Value,80,Default Value,3e8ebee6-a2bc-4451-9c5f-b146b085413a,false,,,This Quarter,,,Hot,false,,,,,false,,,Inactive,,,,0,,Home Appliances Deal,0,0,0,0,0,0,0,0,0,0,0,0,,2782917,,b4a19cdd-88df-e311-b8e5-6c3be5a8b200,55a0e5b9-88df-e311-b8e5-6c3be5a8b200,,480e992f-ff73-e911-a9ba-000d3a33bcb9,,,def60b71-ee73-e911-a9ba-000d3a33bcb9,56bf6346-91df-e311-9565-a45d36fc5fe8,,f48571f5-88df-e311-b8e5-6c3be5a8b200,
6b9ce798-221a-4260-90b2-2a95ed51a5bc,,5/18/2019 12:00:00 AM,2170000,2170000,2170000,2170000,,false,false,,,,false,false,,false,,5/20/2019 12:00:00 AM,2170000,2170000,false,1,false,false,,false,,,Pipeline (low confidence),,,false,false,false,11,,,,,e20d0283-5bf2-e311-945f-6c3be5a8dd64,,,,Item based,false,4-Close,false,false,None,Default Value,20,Default Value,3e8ebee6-a2bc-4451-9c5f-b146b085413a,false,,,Next Quarter,,,Warm,false,,,,,false,,,Inactive,,,,0,,Household Whiteware,0,0,0,0,0,0,0,0,0,0,0,0,,2782916,,b4a19cdd-88df-e311-b8e5-6c3be5a8b200,55a0e5b9-88df-e311-b8e5-6c3be5a8b200,,480e992f-ff73-e911-a9ba-000d3a33bcb9,,,def60b71-ee73-e911-a9ba-000d3a33bcb9,,,,
,,6/30/2019 12:00:00 AM,0,0,2340000,2340000,,false,false,,,,false,true,,false,,7/10/2019 12:00:00 AM,2340000,2340000,false,1,false,false,,false,,,Pipeline (low confidence),,,true,true,false,,,,,,6e3880c8-5398-e911-a964-000d3a37fb59,,,,Item based,false,3-Propose,false,false,None,Default Value,,Default Value,3e8ebee6-a2bc-4451-9c5f-b146b085413a,false,,Committee,Next Quarter,,,Warm,false,,,,,false,,,,,,,0,,Proseware LCD20W M230 - IUPUI,0,0,0,0,0,0,0,0,0,0,0,0,,2782811,,a4f92a51-5198-e911-a964-000d3a37fb59,b8f2366a-5298-e911-a964-000d3a37fb59,5060b62d-0c74-e911-a9b7-000d3a33afd1,480e992f-ff73-e911-a9ba-000d3a33bcb9,,,def60b71-ee73-e911-a9ba-000d3a33bcb9,d437e569-e7c2-e411-80df-fc15b42886e8,,,
,,,,,600000,600000,,false,false,,,,false,false,,false,,8/22/2019 12:00:00 AM,200000,200000,false,1,false,false,,false,,,Pipeline (low confidence),,,false,false,false,,,,,,ac3f83d2-4598-e911-a964-000d3a37fb59,,,,Item based,false,1-Qualify,false,false,None,Default Value,,Default Value,3e8ebee6-a2bc-4451-9c5f-b146b085413a,false,,Individual,,,,Warm,false,,,,,false,,Active,Active,,,,0,,3D Printers sale,0,0,0,0,0,0,0,0,0,0,0,0,,2782631,,4d6c3f4b-1be7-e611-8101-e0071b6af231,facc0f3e-8897-e911-a964-000d3a37fb59,5060b62d-0c74-e911-a9b7-000d3a33afd1,480e992f-ff73-e911-a9ba-000d3a33bcb9,,,def60b71-ee73-e911-a9ba-000d3a33bcb9,,,,
d3ca8878-8d7b-47b9-852d-fcd838790cfd,,,,,8142000,8142000,,false,false,,Audio Output Equipment,,false,false,Seeking audio equipment,false,,5/25/2019 12:00:00 AM,927000,927000,false,1,false,false,,false,,,Pipeline (low confidence),,,false,false,false,11,,,,,b80e0283-5bf2-e311-945f-6c3be5a8dd64,,,,Item based,false,3-Propose,false,false,None,Default Value,80,Default Value,3e8ebee6-a2bc-4451-9c5f-b146b085413a,false,Identify all relevant equipment,Unknown,Immediate,,,Warm,true,Qualify,,,,false,SkipPriceCalcOnRetrieve,Active,Active,,,,0,,Audio Output,927000,927000,802000,802000,0,0,0,0,802000,802000,125000,125000,,2692755,,d0a19cdd-88df-e311-b8e5-6c3be5a8b200,63a0e5b9-88df-e311-b8e5-6c3be5a8b200,,480e992f-ff73-e911-a9ba-000d3a33bcb9,,,def60b71-ee73-e911-a9ba-000d3a33bcb9,d437e569-e7c2-e411-80df-fc15b42886e8,,cc8571f5-88df-e311-b8e5-6c3be5a8b200,
d3ca8878-8d7b-47b9-852d-fcd838790cfd,,,,,8135000,8135000,,false,false,,,,true,false,,true,,10/20/2019 12:00:00 AM,8710785,8710785,false,1,false,false,,false,,,Pipeline (low confidence),,,false,false,false,11,,,,,be0d0283-5bf2-e311-945f-6c3be5a8dd64,15,15,15,Item based,false,3-Propose,false,false,None,Default Value,60,Default Value,3e8ebee6-a2bc-4451-9c5f-b146b085413a,false,,Unknown,Immediate,,,Warm,true,,,,,false,,Active,Active,,,,0,,Audio Equipment,8710785,8710785,10248000,10248000,1537215,1537215,0,0,8710785,8710785,0,0,,2692754,,d0a19cdd-88df-e311-b8e5-6c3be5a8b200,09a4e5b9-88df-e311-b8e5-6c3be5a8b200,,480e992f-ff73-e911-a9ba-000d3a33bcb9,,,def60b71-ee73-e911-a9ba-000d3a33bcb9,d437e569-e7c2-e411-80df-fc15b42886e8,,cc8571f5-88df-e311-b8e5-6c3be5a8b200,
3a275c22-fc45-4e89-97fc-41e5ec578743,,6/18/2019 12:00:00 AM,0,0,1550000,1550000,,false,false,,Requires new toys,,false,false,,false,,1/31/2019 12:00:00 AM,517500,517500,false,1,false,false,,false,,,Pipeline (low confidence),,,false,false,false,,,,,,9f85c07c-19c9-e411-80f5-c4346bad67c0,,,,Item based,false,,false,false,None,Default Value,60,Default Value,919e14d1-6489-4852-abd0-a63a6ecaac5d,false,Deliver Product Catalogue,Individual,This Year,,,Cold,false,,,,,false,,,,,,,0,,Interested in mobile devices,414750,414750,414750,414750,0,0,0,0,414750,414750,0,0,,2692719,,caa19cdd-88df-e311-b8e5-6c3be5a8b200,02fa7133-4fc8-e411-80ee-c4346bac7be8,,480e992f-ff73-e911-a9ba-000d3a33bcb9,,,def60b71-ee73-e911-a9ba-000d3a33bcb9,56bf6346-91df-e311-9565-a45d36fc5fe8,,e68571f5-88df-e311-b8e5-6c3be5a8b200,
6b9ce798-221a-4260-90b2-2a95ed51a5bc,,6/18/2019 12:00:00 AM,5305032,5305032,5305032,5305032,,true,false,,,,false,false,,true,,8/23/2019 12:00:00 AM,5305032,5305032,false,1,false,true,,true,,,Pipeline (low confidence),,,true,true,true,11,,,,,d20e0283-5bf2-e311-945f-6c3be5a8dd64,,,,Item based,false,1-Qualify,true,true,None,Default Value,60,Default Value,3e8ebee6-a2bc-4451-9c5f-b146b085413a,false,,Individual,This Quarter,,,Warm,false,,,,,true,,,Inactive,,,,0,,Computing Lease Renewal,0,0,0,0,0,0,0,0,0,0,0,0,,2692641,,b0a19cdd-88df-e311-b8e5-6c3be5a8b200,51a0e5b9-88df-e311-b8e5-6c3be5a8b200,,480e992f-ff73-e911-a9ba-000d3a33bcb9,,,def60b71-ee73-e911-a9ba-000d3a33bcb9,,,f48571f5-88df-e311-b8e5-6c3be5a8b200,
bb7e830a-61bd-441b-b1fd-6bb104ffa027,,6/18/2019 12:00:00 AM,290000,290000,795000,795000,,true,false,,,,false,false,,true,,5/20/2019 12:00:00 AM,290000,290000,false,1,false,true,,true,,,Pipeline (low confidence),,,true,true,true,11,,,,,620e0283-5bf2-e311-945f-6c3be5a8dd64,,,,Item based,false,4-Close,true,true,None,Default Value,20,Default Value,3e8ebee6-a2bc-4451-9c5f-b146b085413a,false,,,This Year,,,Warm,false,,,,,true,,,Inactive,,,,0,,Cooking Appliances IOT Capable,0,0,0,0,0,0,0,0,0,0,0,0,,2692640,,aea19cdd-88df-e311-b8e5-6c3be5a8b200,4fa0e5b9-88df-e311-b8e5-6c3be5a8b200,,480e992f-ff73-e911-a9ba-000d3a33bcb9,,,def60b71-ee73-e911-a9ba-000d3a33bcb9,,,e68571f5-88df-e311-b8e5-6c3be5a8b200,
d3ca8878-8d7b-47b9-852d-fcd838790cfd,,,,,,,,true,false,,Ultrabooks,,false,true,Request to purchase Ultrabook Computers,false,,7/23/2019 12:00:00 AM,21990,21990,false,1,false,false,,false,,,Pipeline (low confidence),,,true,true,false,11,,,,,630d0283-5bf2-e311-945f-6c3be5a8dd64,,,,Item based,false,3-Propose,false,false,None,Default Value,80,Default Value,3e8ebee6-a2bc-4451-9c5f-b146b085413a,false,Gather required specifications of customer,Committee,Next Quarter,,,Warm,true,,,,,false,,Active,Active,,,,0,,Ultrabooks,21990,21990,21990,21990,0,0,0,0,21990,21990,0,0,,2692635,,b0a19cdd-88df-e311-b8e5-6c3be5a8b200,51a0e5b9-88df-e311-b8e5-6c3be5a8b200,,480e992f-ff73-e911-a9ba-000d3a33bcb9,,,def60b71-ee73-e911-a9ba-000d3a33bcb9,d437e569-e7c2-e411-80df-fc15b42886e8,,ec8571f5-88df-e311-b8e5-6c3be5a8b200,
6b9ce798-221a-4260-90b2-2a95ed51a5bc,,,,,4644800,4644800,,false,false,,,,false,true,"Expansion of Inventory
",false,,7/6/2019 12:00:00 AM,123456,123456,false,1,false,false,,false,,,Pipeline (low confidence),,,false,false,false,,,,,,455b158c-541c-e511-80d3-3863bb347ba8,,,,Item based,false,1-Qualify,false,false,None,Default Value,,Default Value,3e8ebee6-a2bc-4451-9c5f-b146b085413a,false,,Committee,Next Quarter,,,Warm,false,Qualify,,,,false,,Active,Active,,,,0,,New store opened this year - follow up,0,0,0,0,0,0,0,0,0,0,0,0,,2692444,,475b158c-541c-e511-80d3-3863bb347ba8,465b158c-541c-e511-80d3-3863bb347ba8,,480e992f-ff73-e911-a9ba-000d3a33bcb9,,8f4fa496-3ff2-e311-9864-a45d36fc5f1c,def60b71-ee73-e911-a9ba-000d3a33bcb9,,,f48571f5-88df-e311-b8e5-6c3be5a8b200,
,,,,,300000,300000,,false,false,,,,false,false,,false,,10/29/2019 12:00:00 AM,200000,200000,false,1,false,false,,false,,,Pipeline (low confidence),,,false,false,false,,,,,,4d130e19-2192-e911-a962-000d3a37fb59,,,,Service-Maintenance Based,false,1-Qualify,false,false,None,Default Value,,Default Value,3e8ebee6-a2bc-4451-9c5f-b146b085413a,false,,,,,,Warm,false,,,,,false,DoPriceCalcAlways,Active,Active,,,,0,,Philadelphia GE Monogram Range,0,0,0,0,0,0,0,0,0,0,0,0,,2692421,,bd4676a6-f591-e911-a962-000d3a37fb59,,,480e992f-ff73-e911-a9ba-000d3a33bcb9,,,def60b71-ee73-e911-a9ba-000d3a33bcb9,,,,
,,,,,1234567,1234567,,false,false,,,,false,false,,false,,10/31/2019 12:00:00 AM,123456,123456,false,1,false,false,,false,,,Pipeline (low confidence),,,false,false,false,,,,,,e04cbd0f-2092-e911-a962-000d3a37fb59,,,,Item based,false,1-Qualify,false,false,None,Default Value,,Default Value,3e8ebee6-a2bc-4451-9c5f-b146b085413a,false,,,,,,Warm,false,,,,,false,DoPriceCalcAlways,Active,Active,,,,0,,Ford Motor Company of Canada,0,0,0,0,0,0,0,0,0,0,0,0,,2692222,,952d2839-4691-e911-a961-000d3a37fb59,,,480e992f-ff73-e911-a9ba-000d3a33bcb9,,,def60b71-ee73-e911-a9ba-000d3a33bcb9,,,,
,,6/17/2019 12:00:00 AM,0,0,,,,false,false,,,,false,false,,false,,8/21/2019 12:00:00 AM,123000,123000,false,1,false,true,,true,,,Pipeline (low confidence),,,true,true,false,,,,,,0948aef6-2c92-e911-a962-000d3a37fb59,,,,Item based,false,4-Close,true,false,None,Default Value,,Default Value,919e14d1-6489-4852-abd0-a63a6ecaac5d,false,,,,,,Warm,false,,,,,true,DoPriceCalcAlways,,,,,,0,,follow up with ford austria,0,0,0,0,0,0,0,0,0,0,0,0,,2692212,,0848aef6-2c92-e911-a962-000d3a37fb59,0748aef6-2c92-e911-a962-000d3a37fb59,,480e992f-ff73-e911-a9ba-000d3a33bcb9,,fdf160d2-2c92-e911-a962-000d3a37fb59,def60b71-ee73-e911-a9ba-000d3a33bcb9,,,d08571f5-88df-e311-b8e5-6c3be5a8b200,
,,6/19/2019 12:00:00 AM,1000000,1000000,3000000,3000000,,true,false,123123,1231231,,false,false,it is followed up yet,true,,7/5/2019 12:00:00 AM,1000000,1000000,false,1,false,true,6/17/2019 12:00:00 AM,true,,,Pipeline (low confidence),,,true,true,true,,,,,,8b8bdd89-1f92-e911-a962-000d3a37fb59,,,,Item based,false,3-Propose,true,true,None,Default Value,,Default Value,3e8ebee6-a2bc-4451-9c5f-b146b085413a,false,123123123,Committee,,,,Warm,false,,,,,true,DoPriceCalcAlways,,Inactive,,,,0,,Ford Australia,0,0,0,0,0,0,0,0,0,0,0,0,,2692197,,3fc19ac0-4791-e911-a961-000d3a37fb59,c5017bf6-3092-e911-a962-000d3a37fb59,,480e992f-ff73-e911-a9ba-000d3a33bcb9,,,def60b71-ee73-e911-a9ba-000d3a33bcb9,d437e569-e7c2-e411-80df-fc15b42886e8,,,ad2d8b0a-2fe7-e611-8110-e0071b66bf01
