stageid,traversedpath,accessmode,address1_composite,address1_addresstypecode,address1_county,address1_fax,address1_latitude,address1_longitude,address1_postofficebox,address2_addresstypecode,address2_county,address2_fax,address2_latitude,address2_longitude,address2_postofficebox,address2_telephone1,address2_telephone2,address2_telephone3,applicationid,applicationiduri,azureactivedirectoryobjectid,address1_city,address1_country,defaultfilterspopulated,defaultodbfoldername,disabledreason,displayinserviceviews,personalemailaddress,isemailaddressapprovedbyo365admin,employeeid,entityimage,entityimageid,exchangerate,firstname,fullname,msdyn_gdproptout,governmentid,homephone,importsequencenumber,incomingemaildeliverymethod,isintegrationuser,invitestatuscode,jobtitle,lastname,caltype,address1_telephone1,middlename,mobilealertemail,mobilephone,nickname,organizationid,address2_composite,address2_city,address2_country,address1_telephone2,address2_stateorprovince,address2_line1,address2_line2,address2_line3,address2_postalcode,outgoingemaildeliverymethod,address1_telephone3,passporthi,passportlo,photourl,preferredaddresscode,preferredemailcode,preferredphonecode,internalemailaddress,emailrouteraccessapproval,processid,setupuser,salutation,sharepointemailaddress,skills,address1_stateorprovince,isdisabled,address1_line1,address1_line2,address1_line3,timezoneruleversionnumber,title,identityid,systemuserid,userlicensetype,islicensed,domainname,userpuid,issyncwithdirectory,utcconversiontimezonecode,versionnumber,windowsliveid,yammeremailaddress,yammeruserid,yomifirstname,yomifullname,yomilastname,yomimiddlename,address1_postalcode,businessunitid,calendarid,transactioncurrencyid,queueid,defaultmailbox,parentsystemuserid,mobileofflineprofileid,positionid,siteid,territoryid
,,Non-interactive,,Bill To,,,,,,Default Value,,,,,,,,,c9299480-c13a-49db-a7ae-cdfe54fe0313,c9299480-c13a-49db-a7ae-cdfe54fe0313,d8245675-8aa1-4528-9a6c-769ba6141bfc,,,false,Dynamics365,,false,,false,,,,,PowerApps,PowerApps Checker Application,false,,,,Microsoft Dynamics 365 for Outlook,false,Invitation Not Sent,,Checker Application,Professional,,,,,,a494d750-9c6d-4e65-9be3-b13f72ceef69,,,,,,,,,,Microsoft Dynamics 365 for Outlook,,,,,Mailing Address,Default Value,Main Phone,pacheckerapp@microsoft.com,Pending Approval,,false,,,,,false,,,,,,55,fd14f232-a982-e911-a9a1-000d3a37fef7,3,false,pacheckerapp@microsoft.com,,false,,8659234,pacheckerapp@microsoft.com,,,,PowerApps Checker Application,,,,def60b71-ee73-e911-a9ba-000d3a33bcb9,685330c2-4f6a-4938-8a52-adbd4fc447b3,,dc18f232-a982-e911-a9a1-000d3a37fef7,db18f232-a982-e911-a9a1-000d3a37fef7,,,,,
,,Non-interactive,,Bill To,,,,,,Default Value,,,,,,,,,79b1d801-4c53-472c-8b05-a1927f88a3ac,api://79b1d801-4c53-472c-8b05-a1927f88a3ac,9d64e5a5-ca96-406f-8b1c-2ed1c6cd3201,,,false,Dynamics365,,false,,false,,,,1,BizQA,BizQA App,false,,,,Microsoft Dynamics 365 for Outlook,false,Invitation Not Sent,,App,Professional,,,,,,a494d750-9c6d-4e65-9be3-b13f72ceef69,,,,,,,,,,Microsoft Dynamics 365 for Outlook,,,,,Mailing Address,Default Value,Main Phone,BizQAProduction@bizqatrial3.onmicrosoft.com,Pending Approval,,false,,,,,false,,,,,,66,cdb57149-e3e3-e911-a973-000d3a37fb59,3,false,BizQAProduction@bizqatrial3.onmicrosoft.com,,false,,6255792,BizQAProduction@bizqatrial3.onmicrosoft.com,,,,BizQA App,,,,def60b71-ee73-e911-a9ba-000d3a33bcb9,83461d32-1592-44b0-9120-ec24c51d1e8b,480e992f-ff73-e911-a9ba-000d3a33bcb9,d2b57149-e3e3-e911-a973-000d3a37fb59,d1b57149-e3e3-e911-a973-000d3a37fb59,,,,,
,,Read-Write,,Bill To,,,,,,Default Value,,,,,,,,,,,29ca20f1-47ac-4442-8d00-8b617b544994,,,false,Dynamics365,,false,,false,,,,,Claude,Claude Donley,false,,,,Server-Side Synchronization or Email Router,false,Invitation Accepted,,Donley,Enterprise,,,,,,a494d750-9c6d-4e65-9be3-b13f72ceef69,,,,,,,,,,Server-Side Synchronization or Email Router,,,,,Mailing Address,Default Value,Main Phone,ClaudeDonley@bizqatrial3.onmicrosoft.com,Approved,,false,,,,,false,,,,,,58,82606896-1492-e911-a98e-000d3a37fbce,6,true,ClaudeDonley@bizqatrial3.onmicrosoft.com,100320004D71F059,true,,6049921,ClaudeDonley@bizqatrial3.onmicrosoft.com,,,,Claude Donley,,,,def60b71-ee73-e911-a9ba-000d3a33bcb9,761ece20-876d-42db-b9d9-c8b4f33fa0fa,,36da7f9c-1492-e911-a98e-000d3a37fbce,35da7f9c-1492-e911-a98e-000d3a37fbce,,,,,67aa3c35-62ef-e411-80eb-c4346bace124
,,Non-interactive,,Bill To,,,,,,Default Value,,,,,,,,,4d5b999c-fcdc-4017-9548-7a5cf2c12362,https://microsoft.onmicrosoft.com/f19b6ada-b780-4268-ae8c-f5864840d777,f7cebd9a-7738-4e6a-897c-69e7d755939c,,,false,Dynamics365,,false,,false,,,,1,Test,Test Apptoken,false,,,,Microsoft Dynamics 365 for Outlook,false,Invitation Not Sent,,Apptoken,Professional,,,,,,a494d750-9c6d-4e65-9be3-b13f72ceef69,,,,,,,,,,Microsoft Dynamics 365 for Outlook,,,,,Mailing Address,Default Value,Main Phone,zhangyjiangj@hotmail.com,Pending Approval,,false,,,,,false,,,,,,65,964989ee-f9c8-e911-a96d-000d3a37fb59,3,false,zhangyjiangj@hotmail.com,,false,,5540845,zhangyjiangj@hotmail.com,,,,Test Apptoken,,,,def60b71-ee73-e911-a9ba-000d3a33bcb9,8cfef9b3-ad04-4526-8557-6f074a755846,480e992f-ff73-e911-a9ba-000d3a33bcb9,9b4989ee-f9c8-e911-a96d-000d3a37fb59,9a4989ee-f9c8-e911-a96d-000d3a37fb59,,,,,
,,Non-interactive,,Bill To,,,,,,Default Value,,,,,,,,,6bd996ea-83e3-41d4-9a3f-950eec623427,6bd996ea-83e3-41d4-9a3f-950eec623427,f72fe484-4929-4391-91ec-6ec2829420e8,,,false,Dynamics365,,false,,true,,,,1,App,App User,false,,,,Microsoft Dynamics 365 for Outlook,false,Invitation Not Sent,,User,Professional,,,,,,a494d750-9c6d-4e65-9be3-b13f72ceef69,,,,,,,,,,Microsoft Dynamics 365 for Outlook,,,,,Mailing Address,Default Value,Main Phone,yuzh@microsoft.com,Approved,,false,,,,,false,,,,,,64,681a3841-4bc8-e911-a96d-000d3a37fb59,3,false,yuzh@microsoft.com,,false,,5399857,yuzh@microsoft.com,,,,App User,,,,def60b71-ee73-e911-a9ba-000d3a33bcb9,dad8d966-7ead-4c26-80e2-201915fd408f,480e992f-ff73-e911-a9ba-000d3a33bcb9,6d1a3841-4bc8-e911-a96d-000d3a37fb59,6c1a3841-4bc8-e911-a96d-000d3a37fb59,,,,,
,,Read-Write,US,Bill To,,,,,,Default Value,,,,,,,,,,,f418c200-9df0-4822-a044-7bb40d421cce,,US,false,Dynamics365,,false,,false,,,,,BizQA,BizQA Trial3,false,,,,Server-Side Synchronization or Email Router,false,Invitation Accepted,,Trial3,Enterprise,,,,,,a494d750-9c6d-4e65-9be3-b13f72ceef69,,,,,,,,,,Server-Side Synchronization or Email Router,,,,,Mailing Address,Default Value,Main Phone,bizqatrial3@bizqatrial3.onmicrosoft.com,Approved,,false,,,,,false,,,,,,36,21b6fe39-cc82-4b5c-8cbf-a2e50851a0fd,6,true,bizqatrial3@bizqatrial3.onmicrosoft.com,1003200048EC3B38,true,,4285240,bizqatrial3@bizqatrial3.onmicrosoft.com,,,,BizQA Trial3,,,,def60b71-ee73-e911-a9ba-000d3a33bcb9,afba26d5-d2e0-4c7e-9567-1dd60aef4faa,,464bf248-0a74-e911-a9ba-000d3a33bcb9,444bf248-0a74-e911-a9ba-000d3a33bcb9,,,,,3437fc3f-62ef-e411-80eb-c4346bace124
,,Administrative,,Bill To,,,,,,Default Value,,,,,,,,,,,,,,false,Dynamics365,,false,,false,,,,,Master1,Master1 BizQA,false,,,,Server-Side Synchronization or Email Router,false,Invitation Not Sent,,BizQA,Administrative,,,,,,a494d750-9c6d-4e65-9be3-b13f72ceef69,,,,,,,,,,Server-Side Synchronization or Email Router,,,,,Mailing Address,Default Value,Main Phone,1775a18890534b32a379483c997469ddmaster1@bizqatrial3.onmicrosoft.com,Pending Approval,,true,,,,,true,,,,,,56,98dc2bf2-678e-e911-a98d-000d3a37fbce,-1,false,1775a18890534b32a379483c997469ddmaster1@bizqatrial3.onmicrosoft.com,,true,,3214156,1775a18890534b32a379483c997469ddmaster1@bizqatrial3.onmicrosoft.com,,,,Master1 BizQA,,,,def60b71-ee73-e911-a9ba-000d3a33bcb9,ca5b5555-747c-4101-b457-afda91ff7577,,adbf10f9-678e-e911-a98d-000d3a37fbce,acbf10f9-678e-e911-a98d-000d3a37fbce,,,,,
,,Read-Write,,Bill To,,,,,,Default Value,,,,,,,,,,,,,,false,Dynamics365,,false,,false,,,,,User1,User1 BizQA,false,,,,Server-Side Synchronization or Email Router,false,Invitation Not Sent,,BizQA,Professional,,,,,,a494d750-9c6d-4e65-9be3-b13f72ceef69,,,,,,,,,,Server-Side Synchronization or Email Router,,,,,Mailing Address,Default Value,Main Phone,158a92dd4fed465ba0317691b879631buser1@bizqatrial3.onmicrosoft.com,Pending Approval,,false,,,,,true,,,,,,57,b2f01448-c58e-e911-a992-000d3a37f80d,-1,false,158a92dd4fed465ba0317691b879631buser1@bizqatrial3.onmicrosoft.com,,true,,3214152,158a92dd4fed465ba0317691b879631buser1@bizqatrial3.onmicrosoft.com,,,,User1 BizQA,,,,def60b71-ee73-e911-a9ba-000d3a33bcb9,143252b1-f9c8-40f4-88fd-d7ba8f24fa13,,b7f01448-c58e-e911-a992-000d3a37f80d,b6f01448-c58e-e911-a992-000d3a37f80d,,,,,
,,Non-interactive,,Bill To,,,,,,Default Value,,,,,,,,,19dd5b37-d116-48cb-90d2-4aa56696cba1,19dd5b37-d116-48cb-90d2-4aa56696cba1,3392fce9-e41e-4089-8e9f-20de98e3d5e8,,,false,Dynamics365,,false,,false,,,,,Microsoft,Microsoft Forms Pro,false,,,,Microsoft Dynamics 365 for Outlook,false,Invitation Not Sent,,Forms Pro,Professional,,,,,,a494d750-9c6d-4e65-9be3-b13f72ceef69,,,,,,,,,,Microsoft Dynamics 365 for Outlook,,,,,Mailing Address,Default Value,Main Phone,enterprisesurveyappuser@contoso.com,Pending Approval,,false,,,,,false,,,,,,63,e021cc04-22a9-e911-a9a0-000d3a37fe43,3,false,enterprisesurveyappuser@contoso.com,,false,,3213057,enterprisesurveyappuser@contoso.com,,,,Microsoft Forms Pro,,,,def60b71-ee73-e911-a9ba-000d3a33bcb9,821bf899-8498-468a-9684-7ac2477754af,,6a11c50a-22a9-e911-a9a0-000d3a37fe43,6511c50a-22a9-e911-a9a0-000d3a37fe43,,,,,
,,Read-Write,,Bill To,,,,,,Default Value,,,,,,,,,,,8d539365-8ddf-4bb1-849c-21549dc50159,,,false,Dynamics365,,false,,false,,,,,Willis,Willis Liddell,false,,,,Server-Side Synchronization or Email Router,false,Invitation Not Sent,,Liddell,Enterprise,,,,,,a494d750-9c6d-4e65-9be3-b13f72ceef69,,,,,,,,,,Server-Side Synchronization or Email Router,,,,,Mailing Address,Default Value,Main Phone,WillisLiddell@bizqatrial3.onmicrosoft.com,Approved,,false,,,,,false,,,,,,61,649c57f0-1d92-e911-a995-000d3a37f80d,6,true,WillisLiddell@bizqatrial3.onmicrosoft.com,100320004D76E968,true,,3047596,WillisLiddell@bizqatrial3.onmicrosoft.com,,,,Willis Liddell,,,,def60b71-ee73-e911-a9ba-000d3a33bcb9,b930e744-3ec4-4036-8796-6b4135de4b95,,699c57f0-1d92-e911-a995-000d3a37f80d,689c57f0-1d92-e911-a995-000d3a37f80d,,,,,d2fa0104-62ef-e411-80eb-c4346bace124
,,Read-Write,,Bill To,,,,,,Default Value,,,,,,,,,,,524903a5-63b9-4423-8d4b-4c1e931304df,,,false,Dynamics365,,false,,false,,,,,Rose,Rose Downs,false,,,,Server-Side Synchronization or Email Router,false,Invitation Not Sent,,Downs,Enterprise,,,,,,a494d750-9c6d-4e65-9be3-b13f72ceef69,,,,,,,,,,Server-Side Synchronization or Email Router,,,,,Mailing Address,Default Value,Main Phone,RoseDowns@bizqatrial3.onmicrosoft.com,Approved,,false,,,,,false,,,,,,62,eb7a4503-1e92-e911-a99d-000d3a37fe2a,6,true,RoseDowns@bizqatrial3.onmicrosoft.com,100320004D7DD2AD,true,,3047580,RoseDowns@bizqatrial3.onmicrosoft.com,,,,Rose Downs,,,,def60b71-ee73-e911-a9ba-000d3a33bcb9,08fd402b-ffc9-4084-8a10-dc19a54598d5,,f07a4503-1e92-e911-a99d-000d3a37fe2a,ef7a4503-1e92-e911-a99d-000d3a37fe2a,,,,,cde3de29-62ef-e411-80eb-c4346bace124
,,Read-Write,,Bill To,,,,,,Default Value,,,,,,,,,,,27ca7488-18c0-4651-bec4-89fdaabc35ee,,,false,Dynamics365,,false,,false,,,,,Leanna,Leanna Sims,false,,,,Server-Side Synchronization or Email Router,false,Invitation Not Sent,,Sims,Enterprise,,,,,,a494d750-9c6d-4e65-9be3-b13f72ceef69,,,,,,,,,,Server-Side Synchronization or Email Router,,,,,Mailing Address,Default Value,Main Phone,LeannaSims@bizqatrial3.onmicrosoft.com,Approved,,false,,,,,false,,,,,,60,0a8a58cb-1d92-e911-a995-000d3a37f80d,6,true,LeannaSims@bizqatrial3.onmicrosoft.com,100320004D76E955,true,,3047566,LeannaSims@bizqatrial3.onmicrosoft.com,,,,Leanna Sims,,,,def60b71-ee73-e911-a9ba-000d3a33bcb9,2c61dbfa-b9b6-40b8-ac3a-1a8ef572e41d,,118a58cb-1d92-e911-a995-000d3a37f80d,108a58cb-1d92-e911-a995-000d3a37f80d,,,,,b569940b-62ef-e411-80eb-c4346bace124
,,Read-Write,,Bill To,,,,,,Default Value,,,,,,,,,,,3e3b5ca0-c9bb-4f19-9c00-3c5b7d8beedf,,,false,Dynamics365,,false,,false,,,,,Gracie,Gracie Douglas,false,,,,Server-Side Synchronization or Email Router,false,Invitation Not Sent,,Douglas,Enterprise,,,,,,a494d750-9c6d-4e65-9be3-b13f72ceef69,,,,,,,,,,Server-Side Synchronization or Email Router,,,,,Mailing Address,Default Value,Main Phone,GracieDouglas@bizqatrial3.onmicrosoft.com,Approved,,false,,,,,false,,,,,,59,a66c27bf-1d92-e911-a995-000d3a37f80d,6,true,GracieDouglas@bizqatrial3.onmicrosoft.com,100320004D76E93A,true,,3047540,GracieDouglas@bizqatrial3.onmicrosoft.com,,,,Gracie Douglas,,,,def60b71-ee73-e911-a9ba-000d3a33bcb9,5d675860-2a9c-4f92-8312-dd75b3219f9a,,b86c27bf-1d92-e911-a995-000d3a37f80d,b56c27bf-1d92-e911-a995-000d3a37f80d,,,,,a25642f7-61ef-e411-80eb-c4346bace124
,,Read-Write,US,Bill To,,,,,,Default Value,,,,,,,,,,,,,US,false,Dynamics365,,false,,false,,,,,Alicia,Alicia Thomber (Sample Data),false,,,,Server-Side Synchronization or Email Router,false,Invitation Not Sent,,Thomber (Sample Data),Professional,,,,,,a494d750-9c6d-4e65-9be3-b13f72ceef69,,,,,,,,,,Server-Side Synchronization or Email Router,,,,,Mailing Address,Default Value,Main Phone,aliciat@crmdemo.dynamics.com,Pending Approval,,false,,,,,true,,,,,,30,43408b47-85a6-4b2f-b880-f3ddc37377eb,3,true,fieldservice_1@crmdemo.dynamics.com,,false,,1643592,fieldservice_1@crmdemo.dynamics.com,,,,Alicia Thomber (Sample Data),,,,def60b71-ee73-e911-a9ba-000d3a33bcb9,d138eae9-e26f-4eff-9918-4cdbe781bf9b,,e24af248-0a74-e911-a9ba-000d3a33bcb9,e14af248-0a74-e911-a9ba-000d3a33bcb9,,,,,
,,Read-Write,US,Bill To,,,,,,Default Value,,,,,,,,,,,,,US,false,Dynamics365,,false,,false,,,,,Jamie,Jamie Reding (Sample Data),false,,,,Server-Side Synchronization or Email Router,false,Invitation Not Sent,,Reding (Sample Data),Professional,,,,,,a494d750-9c6d-4e65-9be3-b13f72ceef69,,,,,,,,,,Server-Side Synchronization or Email Router,,,,,Mailing Address,Default Value,Main Phone,jamier@crmdemo.dynamics.com,Pending Approval,,false,,,,,true,,,,,,43,d2e56ee1-dd65-4451-80cb-ca4e2184722c,3,true,service_1@crmdemo.dynamics.com,,false,,1643583,service_1@crmdemo.dynamics.com,,,,Jamie Reding (Sample Data),,,,def60b71-ee73-e911-a9ba-000d3a33bcb9,9df10799-1763-4151-a9c3-66af3ffe6b5d,,b64bf248-0a74-e911-a9ba-000d3a33bcb9,b54bf248-0a74-e911-a9ba-000d3a33bcb9,,,,,
,,Read-Write,US,Bill To,,,,,,Default Value,,,,,,,,,,,,,US,false,Dynamics365,,false,,false,,,,,Dan,Dan Jump (Sample Data),false,,,,Server-Side Synchronization or Email Router,false,Invitation Not Sent,,Jump (Sample Data),Professional,,,,,,a494d750-9c6d-4e65-9be3-b13f72ceef69,,,,,,,,,,Server-Side Synchronization or Email Router,,,,,Mailing Address,Default Value,Main Phone,danj@crmdemo.dynamics.com,Pending Approval,,false,,,,,true,,,,,,38,93861e82-396d-42e4-897e-c83e5c111f38,3,true,administration_4@crmdemo.dynamics.com,,false,,1643576,administration_4@crmdemo.dynamics.com,,,,Dan Jump (Sample Data),,,,def60b71-ee73-e911-a9ba-000d3a33bcb9,95792362-a596-4cee-80ad-7d1a89445b7e,,6f4bf248-0a74-e911-a9ba-000d3a33bcb9,6e4bf248-0a74-e911-a9ba-000d3a33bcb9,,,,,
,,Read-Write,US,Bill To,,,,,,Default Value,,,,,,,,,,,,,US,false,Dynamics365,,false,,false,,,,,Allie,Allie Bellew (Sample Data),false,,,,Server-Side Synchronization or Email Router,false,Invitation Not Sent,,Bellew (Sample Data),Professional,,,,,,a494d750-9c6d-4e65-9be3-b13f72ceef69,,,,,,,,,,Server-Side Synchronization or Email Router,,,,,Mailing Address,Default Value,Main Phone,allieb@crmdemo.dynamics.com,Pending Approval,,false,,,,,true,,,,,,31,8902fe92-59a9-407d-8768-c475f639b629,3,true,service_2@crmdemo.dynamics.com,,false,,1643567,service_2@crmdemo.dynamics.com,,,,Allie Bellew (Sample Data),,,,def60b71-ee73-e911-a9ba-000d3a33bcb9,51253077-1be3-4de6-aab6-c4379c09e5e1,,f64af248-0a74-e911-a9ba-000d3a33bcb9,f44af248-0a74-e911-a9ba-000d3a33bcb9,,,,,
,,Read-Write,US,Bill To,,,,,,Default Value,,,,,,,,,,,,,US,false,Dynamics365,,false,,false,,,,,Ty,Ty Calrson (Sample Data),false,,,,Server-Side Synchronization or Email Router,false,Invitation Not Sent,,Calrson (Sample Data),Professional,,,,,,a494d750-9c6d-4e65-9be3-b13f72ceef69,,,,,,,,,,Server-Side Synchronization or Email Router,,,,,Mailing Address,Default Value,Main Phone,tyc@crmdemo.dynamics.com,Pending Approval,,false,,,,,true,,,,,,52,2a589a10-d42b-475a-acf6-bfe81c798815,3,true,none_15@crmdemo.dynamics.com,,false,,1643560,none_15@crmdemo.dynamics.com,,,,Ty Calrson (Sample Data),,,,def60b71-ee73-e911-a9ba-000d3a33bcb9,96937288-81bb-4f26-a470-cb9b9ec609b3,,f1f5e94e-0a74-e911-a9ba-000d3a33bcb9,f0f5e94e-0a74-e911-a9ba-000d3a33bcb9,,,,,
,,Read-Write,US,Bill To,,,,,,Default Value,,,,,,,,,,,,,US,false,Dynamics365,,false,,false,,,,,Renee,Renee Lo (Sample Data),false,,,,Server-Side Synchronization or Email Router,false,Invitation Not Sent,,Lo (Sample Data),Professional,,,,,,a494d750-9c6d-4e65-9be3-b13f72ceef69,,,,,,,,,,Server-Side Synchronization or Email Router,,,,,Mailing Address,Default Value,Main Phone,reneel@crmdemo.dynamics.com,Pending Approval,,false,,,,,true,,,,,,49,40335155-e54f-4881-b051-ba3d1d545dd3,3,true,none_14@crmdemo.dynamics.com,,false,,1643553,none_14@crmdemo.dynamics.com,,,,Renee Lo (Sample Data),,,,def60b71-ee73-e911-a9ba-000d3a33bcb9,3bbc8fa1-fa85-4a0d-90bc-f79122a5559d,,fe4bf248-0a74-e911-a9ba-000d3a33bcb9,fd4bf248-0a74-e911-a9ba-000d3a33bcb9,,,,,
,,Read-Write,US,Bill To,,,,,,Default Value,,,,,,,,,,,,,US,false,Dynamics365,,false,,false,,,,,Amy,Amy Alberts (Sample Data),false,,,,Server-Side Synchronization or Email Router,false,Invitation Not Sent,,Alberts (Sample Data),Professional,,,,,,a494d750-9c6d-4e65-9be3-b13f72ceef69,,,,,,,,,,Server-Side Synchronization or Email Router,,,,,Mailing Address,Default Value,Main Phone,amya@crmdemo.dynamics.com,Pending Approval,,false,,,,,true,,,,,,32,9817fae5-51bf-4508-9853-a84dba9aeff3,3,true,administration_1@crmdemo.dynamics.com,,false,,1643546,administration_1@crmdemo.dynamics.com,,,,Amy Alberts (Sample Data),,,,def60b71-ee73-e911-a9ba-000d3a33bcb9,dd31682c-e0d9-41f0-a5e9-c0eec1723438,,054bf248-0a74-e911-a9ba-000d3a33bcb9,044bf248-0a74-e911-a9ba-000d3a33bcb9,,,,,
,,Read-Write,US,Bill To,,,,,,Default Value,,,,,,,,,,,,,US,false,Dynamics365,,false,,false,,,,,Jeff,Jeff Hay (Sample Data),false,,,,Server-Side Synchronization or Email Router,false,Invitation Not Sent,,Hay (Sample Data),Professional,,,,,,a494d750-9c6d-4e65-9be3-b13f72ceef69,,,,,,,,,,Server-Side Synchronization or Email Router,,,,,Mailing Address,Default Value,Main Phone,jeffh@crmdemo.dynamics.com,Pending Approval,,false,,,,,true,,,,,,44,9ce5789e-8aac-4ed6-b858-a79df5a80668,3,true,none_10@crmdemo.dynamics.com,,false,,1643539,none_10@crmdemo.dynamics.com,,,,Jeff Hay (Sample Data),,,,def60b71-ee73-e911-a9ba-000d3a33bcb9,25e6dd76-4faf-43b7-9dc6-55adc7be184b,,c24bf248-0a74-e911-a9ba-000d3a33bcb9,c14bf248-0a74-e911-a9ba-000d3a33bcb9,,,,,
,,Read-Write,US,Bill To,,,,,,Default Value,,,,,,,,,,,,,US,false,Dynamics365,,false,,false,,,,,Eric,Eric Gruber (Sample Data),false,,,,Server-Side Synchronization or Email Router,false,Invitation Not Sent,,Gruber (Sample Data),Professional,,,,,,a494d750-9c6d-4e65-9be3-b13f72ceef69,,,,,,,,,,Server-Side Synchronization or Email Router,,,,,Mailing Address,Default Value,Main Phone,ericg@crmdemo.dynamics.com,Pending Approval,,false,,,,,true,,,,,,41,a1a2e8a4-10fc-4317-8025-a7745bf58664,3,true,service_5@crmdemo.dynamics.com,,false,,1643532,service_5@crmdemo.dynamics.com,,,,Eric Gruber (Sample Data),,,,def60b71-ee73-e911-a9ba-000d3a33bcb9,a9d0ea47-0d4b-441f-82e3-ec94a17e3250,,934bf248-0a74-e911-a9ba-000d3a33bcb9,924bf248-0a74-e911-a9ba-000d3a33bcb9,,,,,
,,Read-Write,US,Bill To,,,,,,Default Value,,,,,,,,,,,,,US,false,Dynamics365,,false,,false,,,,,Sanjay,Sanjay Shaw (Sample Data),false,,,,Server-Side Synchronization or Email Router,false,Invitation Not Sent,,Shaw (Sample Data),Professional,,,,,,a494d750-9c6d-4e65-9be3-b13f72ceef69,,,,,,,,,,Server-Side Synchronization or Email Router,,,,,Mailing Address,Default Value,Main Phone,sanjays@crmdemo.dynamics.com,Pending Approval,,false,,,,,true,,,,,,50,6b3e958c-87b0-440a-964c-8e1e0861830e,3,true,sales_3@crmdemo.dynamics.com,,false,,1643524,sales_3@crmdemo.dynamics.com,,,,Sanjay Shaw (Sample Data),,,,def60b71-ee73-e911-a9ba-000d3a33bcb9,c3d7eb2c-eb22-48e0-b9be-a659fba7bd0e,,0a4cf248-0a74-e911-a9ba-000d3a33bcb9,094cf248-0a74-e911-a9ba-000d3a33bcb9,,,,,
,,Read-Write,US,Bill To,,,,,,Default Value,,,,,,,,,,,,,US,false,Dynamics365,,false,,false,,,,,Kelly,Kelly Krout (Sample Data),false,,,,Server-Side Synchronization or Email Router,false,Invitation Not Sent,,Krout (Sample Data),Professional,,,,,,a494d750-9c6d-4e65-9be3-b13f72ceef69,,,,,,,,,,Server-Side Synchronization or Email Router,,,,,Mailing Address,Default Value,Main Phone,kellyk@crmdemo.dynamics.com,Pending Approval,,false,,,,,true,,,,,,47,f6852859-1cb1-48b3-bdca-894d1cdcbcb7,3,true,service_4@crmdemo.dynamics.com,,false,,1643515,service_4@crmdemo.dynamics.com,,,,Kelly Krout (Sample Data),,,,def60b71-ee73-e911-a9ba-000d3a33bcb9,c31d19fd-8c07-4ce3-9cdd-396b8a6e1456,,e64bf248-0a74-e911-a9ba-000d3a33bcb9,e54bf248-0a74-e911-a9ba-000d3a33bcb9,,,,,
,,Read-Write,US,Bill To,,,,,,Default Value,,,,,,,,,,,,,US,false,Dynamics365,,false,,false,,,,,Spencer,Spencer Low (Sample Data),false,,,,Server-Side Synchronization or Email Router,false,Invitation Not Sent,,Low (Sample Data),Professional,,,,,,a494d750-9c6d-4e65-9be3-b13f72ceef69,,,,,,,,,,Server-Side Synchronization or Email Router,,,,,Mailing Address,Default Value,Main Phone,spencerl@crmdemo.dynamics.com,Pending Approval,,false,,,,,true,,,,,,34,5d9f56d9-774c-4cb7-8ba0-84c70cad977b,3,true,sales_2@crmdemo.dynamics.com,,false,,1643508,sales_2@crmdemo.dynamics.com,,,,Spencer Low (Sample Data),,,,def60b71-ee73-e911-a9ba-000d3a33bcb9,12992547-6f9f-45f3-ac91-ba9a06b332a6,,1d4bf248-0a74-e911-a9ba-000d3a33bcb9,1c4bf248-0a74-e911-a9ba-000d3a33bcb9,,,,,
,,Read-Write,US,Bill To,,,,,,Default Value,,,,,,,,,,,,,US,false,Dynamics365,,false,,false,,,,,Anne,Anne Weiler (Sample Data),false,,,,Server-Side Synchronization or Email Router,false,Invitation Not Sent,,Weiler (Sample Data),Professional,,,,,,a494d750-9c6d-4e65-9be3-b13f72ceef69,,,,,,,,,,Server-Side Synchronization or Email Router,,,,,Mailing Address,Default Value,Main Phone,annew@crmdemo.dynamics.com,Pending Approval,,false,,,,,true,,,,,,33,4b66e111-4715-41f3-af7b-769aae9a0434,3,true,administration_2@crmdemo.dynamics.com,,false,,1643501,administration_2@crmdemo.dynamics.com,,,,Anne Weiler (Sample Data),,,,def60b71-ee73-e911-a9ba-000d3a33bcb9,0b75bc04-4730-459b-a09f-ca2f093f4792,,114bf248-0a74-e911-a9ba-000d3a33bcb9,104bf248-0a74-e911-a9ba-000d3a33bcb9,,,,,
,,Read-Write,US,Bill To,,,,,,Default Value,,,,,,,,,,,,,US,false,Dynamics365,,false,,false,,,,,David,David So (Sample Data),false,,,,Server-Side Synchronization or Email Router,false,Invitation Not Sent,,So (Sample Data),Professional,,,,,,a494d750-9c6d-4e65-9be3-b13f72ceef69,,,,,,,,,,Server-Side Synchronization or Email Router,,,,,Mailing Address,Default Value,Main Phone,davids@crmdemo.dynamics.com,Pending Approval,,false,,,,,true,,,,,,39,754a157e-548d-497b-8c27-6f8eaeff67b1,3,true,administration_5@crmdemo.dynamics.com,,false,,1643494,administration_5@crmdemo.dynamics.com,,,,David So (Sample Data),,,,def60b71-ee73-e911-a9ba-000d3a33bcb9,d12a301e-25da-4920-b5ba-c138e84af1df,,7b4bf248-0a74-e911-a9ba-000d3a33bcb9,7a4bf248-0a74-e911-a9ba-000d3a33bcb9,,,,,
,,Read-Write,US,Bill To,,,,,,Default Value,,,,,,,,,,,,,US,false,Dynamics365,,false,,false,,,,,Julian,Julian Isla (Sample Data),false,,,,Server-Side Synchronization or Email Router,false,Invitation Not Sent,,Isla (Sample Data),Professional,,,,,,a494d750-9c6d-4e65-9be3-b13f72ceef69,,,,,,,,,,Server-Side Synchronization or Email Router,,,,,Mailing Address,Default Value,Main Phone,juliani@crmdemo.dynamics.com,Pending Approval,,false,,,,,true,,,,,,45,b2336507-74d1-42e1-9ca2-6a9ddb18171e,3,true,none_11@crmdemo.dynamics.com,,false,,1643487,none_11@crmdemo.dynamics.com,,,,Julian Isla (Sample Data),,,,def60b71-ee73-e911-a9ba-000d3a33bcb9,9e4f33aa-2655-4aa7-9480-491f7be25d46,,ce4bf248-0a74-e911-a9ba-000d3a33bcb9,cd4bf248-0a74-e911-a9ba-000d3a33bcb9,,,,,
,,Read-Write,US,Bill To,,,,,,Default Value,,,,,,,,,,,,,US,false,Dynamics365,,false,,false,,,,,Karen,Karen Berg (Sample Data),false,,,,Server-Side Synchronization or Email Router,false,Invitation Not Sent,,Berg (Sample Data),Professional,,,,,,a494d750-9c6d-4e65-9be3-b13f72ceef69,,,,,,,,,,Server-Side Synchronization or Email Router,,,,,Mailing Address,Default Value,Main Phone,karenb@crmdemo.dynamics.com,Pending Approval,,false,,,,,true,,,,,,46,0aafc8d3-0cd9-43b1-96a9-68ce92eeb7e8,3,true,none_12@crmdemo.dynamics.com,,false,,1643474,none_12@crmdemo.dynamics.com,,,,Karen Berg (Sample Data),,,,def60b71-ee73-e911-a9ba-000d3a33bcb9,c117b5f4-4f12-49b7-a936-488d15740392,,da4bf248-0a74-e911-a9ba-000d3a33bcb9,d94bf248-0a74-e911-a9ba-000d3a33bcb9,,,,,
,,Read-Write,,,,,,,,,,,,,,,,,,,,,,false,CRM,,,,false,,,,,---,--- ---,,,,,Microsoft Dynamics 365 for Outlook,false,Invitation Not Sent,,---,Professional,,,,,,a494d750-9c6d-4e65-9be3-b13f72ceef69,,,,,,,,,,Microsoft Dynamics 365 for Outlook,,,,,,,,blank_1@crmdemo.dynamics.com,Approved,,false,,,,,true,,,,,,28,15db547c-9015-47b3-b0bf-6683a56abecb,3,true,blank_1@crmdemo.dynamics.com,,true,,1643467,blank_1@crmdemo.dynamics.com,,,,--- ---,,,,def60b71-ee73-e911-a9ba-000d3a33bcb9,cc72b9cd-edaf-42a6-8b73-12135aeda0b4,,07500277-ee73-e911-a9ba-000d3a33bcb9,06500277-ee73-e911-a9ba-000d3a33bcb9,,,,,
,,Read-Write,US,Bill To,,,,,,Default Value,,,,,,,,,,,,,US,false,Dynamics365,,false,,false,,,,,Sven,Sven Mortensen (Sample Data),false,,,,Server-Side Synchronization or Email Router,false,Invitation Not Sent,,Mortensen (Sample Data),Professional,,,,,,a494d750-9c6d-4e65-9be3-b13f72ceef69,,,,,,,,,,Server-Side Synchronization or Email Router,,,,,Mailing Address,Default Value,Main Phone,svenm@crmdemo.dynamics.com,Pending Approval,,false,,,,,true,,,,,,51,03ecb6fc-4523-484e-a2f3-5a8fc8573742,3,true,sales_5@crmdemo.dynamics.com,,false,,1643460,sales_5@crmdemo.dynamics.com,,,,Sven Mortensen (Sample Data),,,,def60b71-ee73-e911-a9ba-000d3a33bcb9,dacef329-67c1-4a97-8c23-2d4a99d8b039,,e5f5e94e-0a74-e911-a9ba-000d3a33bcb9,e4f5e94e-0a74-e911-a9ba-000d3a33bcb9,,,,,
,,Read-Write,US,Bill To,,,,,,Default Value,,,,,,,,,,,,,US,false,Dynamics365,,false,,false,,,,,Diane,Diane Prescott (Sample Data),false,,,,Server-Side Synchronization or Email Router,false,Invitation Not Sent,,Prescott (Sample Data),Professional,,,,,,a494d750-9c6d-4e65-9be3-b13f72ceef69,,,,,,,,,,Server-Side Synchronization or Email Router,,,,,Mailing Address,Default Value,Main Phone,dianep@crmdemo.dynamics.com,Pending Approval,,false,,,,,true,,,,,,40,48e78608-9193-4a13-842a-59e93339bbcc,3,true,none_8@crmdemo.dynamics.com,,false,,1643453,none_8@crmdemo.dynamics.com,,,,Diane Prescott (Sample Data),,,,def60b71-ee73-e911-a9ba-000d3a33bcb9,eefaf3f4-94b6-4034-8291-85fe9fe632c4,,874bf248-0a74-e911-a9ba-000d3a33bcb9,864bf248-0a74-e911-a9ba-000d3a33bcb9,,,,,
,,Read-Write,US,Bill To,,,,,,Default Value,,,,,,,,,,,,,US,false,Dynamics365,,false,,false,,,,,Alan,Alan Steiner (Sample Data),false,,,,Server-Side Synchronization or Email Router,false,Invitation Not Sent,,Steiner (Sample Data),Professional,,,,,,a494d750-9c6d-4e65-9be3-b13f72ceef69,,,,,,,,,,Server-Side Synchronization or Email Router,,,,,Mailing Address,Default Value,Main Phone,alans@crmdemo.dynamics.com,Pending Approval,,false,,,,,true,,,,,,29,d0937ea3-8b19-4f0d-9c2d-5672209c03fa,3,true,projectservice_1@crmdemo.dynamics.com,,false,,1643446,projectservice_1@crmdemo.dynamics.com,,,,Alan Steiner (Sample Data),,,,def60b71-ee73-e911-a9ba-000d3a33bcb9,b39e9c23-163b-4610-b1ba-f48098abce38,,0dd8cf42-0a74-e911-a9ba-000d3a33bcb9,c4e29a3c-0a74-e911-a9ba-000d3a33bcb9,,,,,
,,Read-Write,US,Bill To,,,,,,Default Value,,,,,,,,,,,,,US,false,Dynamics365,,false,,false,,,,,Greg,Greg Winston (Sample Data),false,,,,Server-Side Synchronization or Email Router,false,Invitation Not Sent,,Winston (Sample Data),Professional,,,,,,a494d750-9c6d-4e65-9be3-b13f72ceef69,,,,,,,,,,Server-Side Synchronization or Email Router,,,,,Mailing Address,Default Value,Main Phone,gregw@crmdemo.dynamics.com,Pending Approval,,false,,,,,true,,,,,,42,f4f49152-65c7-4333-a831-541fc80bd99e,3,true,none_9@crmdemo.dynamics.com,,false,,1643439,none_9@crmdemo.dynamics.com,,,,Greg Winston (Sample Data),,,,def60b71-ee73-e911-a9ba-000d3a33bcb9,4e2ddb4f-2b71-441d-8c40-e0d926814c99,,aa4bf248-0a74-e911-a9ba-000d3a33bcb9,a94bf248-0a74-e911-a9ba-000d3a33bcb9,,,,,
,,Read-Write,US,Bill To,,,,,,Default Value,,,,,,,,,,,,,US,false,Dynamics365,,false,,false,,,,,Molly,Molly Clark (Sample Data),false,,,,Server-Side Synchronization or Email Router,false,Invitation Not Sent,,Clark (Sample Data),Professional,,,,,,a494d750-9c6d-4e65-9be3-b13f72ceef69,,,,,,,,,,Server-Side Synchronization or Email Router,,,,,Mailing Address,Default Value,Main Phone,mollyc@crmdemo.dynamics.com,Pending Approval,,false,,,,,true,,,,,,48,d85ae47c-78ec-4f49-9185-4291558af80c,3,true,sales_4@crmdemo.dynamics.com,,false,,1643432,sales_4@crmdemo.dynamics.com,,,,Molly Clark (Sample Data),,,,def60b71-ee73-e911-a9ba-000d3a33bcb9,612141c3-8963-48d8-8c48-9e7d91512a77,,f24bf248-0a74-e911-a9ba-000d3a33bcb9,f14bf248-0a74-e911-a9ba-000d3a33bcb9,,,,,
,,Read-Write,,Bill To,,,,,,Default Value,,,,,,,,,,,,,,false,Dynamics365,,false,,false,,,,,Demo,Demo User,false,,,,Microsoft Dynamics 365 for Outlook,false,Invitation Not Sent,,User,Professional,,,,,,a494d750-9c6d-4e65-9be3-b13f72ceef69,,,,,,,,,,Microsoft Dynamics 365 for Outlook,,,,,Mailing Address,Default Value,Main Phone,service_3@crmdemo.dynamics.com,Pending Approval,,false,,,,,true,,,,,,35,e998e8a8-a742-4059-9ade-3feef3f96834,3,true,service_3@crmdemo.dynamics.com,,false,,1643425,service_3@crmdemo.dynamics.com,,,,Demo User,,,,def60b71-ee73-e911-a9ba-000d3a33bcb9,622f24ed-ffd1-4be8-ad43-c8e33e4fa957,,344bf248-0a74-e911-a9ba-000d3a33bcb9,304bf248-0a74-e911-a9ba-000d3a33bcb9,,,,,
,,Read-Write,US,Bill To,,,,,,Default Value,,,,,,,,,,,,,US,false,Dynamics365,,false,,false,,,,,Christa,Christa Geller (Sample Data),false,,,,Server-Side Synchronization or Email Router,false,Invitation Not Sent,,Geller (Sample Data),Professional,,,,,,a494d750-9c6d-4e65-9be3-b13f72ceef69,,,,,,,,,,Server-Side Synchronization or Email Router,,,,,Mailing Address,Default Value,Main Phone,christag@crmdemo.dynamics.com,Pending Approval,,false,,,,,true,,,,,,37,5d7a62a8-cc54-47ba-a343-28be9569813d,3,true,administration_3@crmdemo.dynamics.com,,false,,1643418,administration_3@crmdemo.dynamics.com,,,,Christa Geller (Sample Data),,,,def60b71-ee73-e911-a9ba-000d3a33bcb9,312c150d-719e-4e10-8e53-b043b568aa6e,,584bf248-0a74-e911-a9ba-000d3a33bcb9,574bf248-0a74-e911-a9ba-000d3a33bcb9,,,,,
,,Delegated Admin,,,,,,,,,,,,,,,,,,,,,,false,Dynamics365,,,,false,,,,,Delegated Admin,Delegated Admin,,,,,Microsoft Dynamics 365 for Outlook,false,Invitation Not Sent,,,Professional,,,,,,a494d750-9c6d-4e65-9be3-b13f72ceef69,,,,,,,,,,Microsoft Dynamics 365 for Outlook,,,,,,,,crmoln2@microsoft.com,Empty,,false,,,,,false,,,,,,54,5bc0fbf2-ea78-e911-a97f-000d3a37fbce,3,false,crmoln2@microsoft.com,,false,,1631963,crmoln2@microsoft.com,,,,Delegated Admin,,,,def60b71-ee73-e911-a9ba-000d3a33bcb9,b97993cf-68f0-487a-b67c-f2e5011105e3,,5fc0fbf2-ea78-e911-a97f-000d3a37fbce,5ec0fbf2-ea78-e911-a97f-000d3a37fbce,,,,,
,,Support User,,,,,,,,,,,,,,,,,,,,,,false,Dynamics365,,,,false,,,,,Support,Support User,,,,,Microsoft Dynamics 365 for Outlook,false,Invitation Not Sent,,User,Professional,,,,,,a494d750-9c6d-4e65-9be3-b13f72ceef69,,,,,,,,,,Microsoft Dynamics 365 for Outlook,,,,,,,,crmoln@microsoft.com,Empty,,false,,,,,false,,,,,,53,ad86faec-ea78-e911-a97f-000d3a37fbce,3,false,crmoln@microsoft.com,,false,,1631653,crmoln@microsoft.com,,,,Support User,,,,def60b71-ee73-e911-a9ba-000d3a33bcb9,882db02b-5699-4bfb-a27c-644303c48d39,,bb86faec-ea78-e911-a97f-000d3a37fbce,b086faec-ea78-e911-a97f-000d3a37fbce,,,,,
,,Read-Write,,,,,,,,,,,,,,,,,,,,,,false,CRM,,,,false,,,,,,INTEGRATION,,,,,Microsoft Dynamics 365 for Outlook,false,Invitation Not Sent,,INTEGRATION,Professional,,,,,,a494d750-9c6d-4e65-9be3-b13f72ceef69,,,,,,,,,,Microsoft Dynamics 365 for Outlook,,,,,,,,,Empty,,false,,,,,true,,,,,,2,6460006a-b9db-48a4-9eea-9f6fd5b9810b,3,false,,,false,,1496926,,,,,,,,,def60b71-ee73-e911-a9ba-000d3a33bcb9,,,,,,,,,
,,Read-Write,,,,,,,,,,,,,,,,,,,,,,false,CRM,,,,false,,,,,,SYSTEM,,,,,Microsoft Dynamics 365 for Outlook,false,Invitation Not Sent,,SYSTEM,Professional,,,,,,a494d750-9c6d-4e65-9be3-b13f72ceef69,,,,,,,,,,Microsoft Dynamics 365 for Outlook,,,,,,,,,Empty,,false,,,,,true,,,,,,1,1e3f9e14-b6a0-4350-867c-32474f543383,3,false,,,false,,1496925,,,,,,,,,def60b71-ee73-e911-a9ba-000d3a33bcb9,,,,,,,,,
